Country Name,Country Code,Indicator Name,Indicator Code,1960,1961,1962,1963,1964,1965,1966,1967,1968,1969,1970,1971,1972,1973,1974,1975,1976,1977,1978,1979,1980,1981,1982,1983,1984,1985,1986,1987,1988,1989,1990,1991,1992,1993,1994,1995,1996,1997,1998,1999,2000,2001,2002,2003,2004,2005,2006,2007,2008,2009,2010,2011,2012,2013,2014,2015,2016,2017,2018,2019,2020
Aruba,ABW,"Mortality rate, infant (per 1,000 live births)",SP.DYN.IMRT.IN,,,,,,,,,,,,,,,,,,,,,,,,,,,,,,,,,,,,,,,,,,,,,,,,,,,,,,,,,,,,,
Africa Eastern and Southern,AFE,"Mortality rate, infant (per 1,000 live births)",SP.DYN.IMRT.IN,,,,,,,135.9512115,135.1476086,131.4949152,130.7466458,130.0405544,129.2527915,128.4128917,127.6136769,126.8298717,126.0380763,125.2357284,126.1650375,124.9719465,123.56756,122.0731062,120.4138828,118.7045757,117.0536196,115.5077559,114.1115611,112.859103,111.6493086,110.4783002,109.2327898,101.8439493,100.7634657,99.72684669,98.6262484,97.58248716,96.10840044,94.34799867,92.50548072,90.42221414,87.9693348,85.26090807,82.31276807,79.25410317,76.19977169,73.22474926,70.33665207,67.67308956,64.98904067,62.41156245,59.99371873,57.80299502,55.69683587,53.75649915,52.06603987,50.47786392,48.99243432,47.57783432,46.17929638,44.85940849,43.66481887,
Afghanistan,AFG,"Mortality rate, infant (per 1,000 live births)",SP.DYN.IMRT.IN,,,232,227.8,223.9,219.9,216.1,212.4,208.6,204.7,200.9,197.1,193.4,189.4,185.5,181.5,177.6,173.5,169.4,165.3,161,156.8,152.5,148.4,144.3,140.3,136.2,132.2,128.2,124.2,120.4,116.8,113.3,109.9,106.7,103.7,100.8,98.1,95.3,92.7,90.2,87.6,84.9,82.3,79.6,77,74.3,71.7,69,66.5,64.1,61.7,59.5,57.2,55.2,53.2,51.3,49.6,48,46.5,
Africa Western and Central,AFW,"Mortality rate, infant (per 1,000 live births)",SP.DYN.IMRT.IN,,,,,177.122131,173.7526824,170.3972078,165.2182566,162.205563,159.151246,155.9029912,152.6427244,148.497094,145.0292537,141.4682862,137.9029821,134.4044862,131.0585114,127.8537032,125.2026316,123.0322458,121.1682806,119.7422205,118.6132589,117.6724001,117.0479075,116.3208802,115.6326001,114.9012123,114.2204605,113.4655407,112.7054739,111.9850855,111.1384734,110.2216964,109.0374167,107.602439,105.9173728,103.9049918,101.6666225,99.26308045,96.6843973,94.04166128,91.38340127,88.76572622,86.1606674,83.69798446,81.38797395,79.22072104,77.21892283,75.38397635,73.74286907,72.21336653,70.77786803,69.5102264,68.23885269,66.90469499,65.53552008,64.02039797,62.55186017,
Angola,AGO,"Mortality rate, infant (per 1,000 live births)",SP.DYN.IMRT.IN,,,,,,,,,,,,,,,,,,,,,140.2,138.6,137,135.4,134.2,133.2,132.5,132,131.7,131.4,131.3,131.2,131.3,131.4,131.2,130.8,129.9,128.4,126.5,124.1,121.2,117.9,114.2,110,105.4,100.6,95.6,90.5,85.3,80.5,75.9,71.4,67.3,63.7,60.5,57.8,55.6,53.5,51.9,50.2,
Albania,ALB,"Mortality rate, infant (per 1,000 live births)",SP.DYN.IMRT.IN,,,,,,,,,,,,,,,,,,,76.5,71.2,66.2,61.5,57.1,53.2,49.7,46.5,43.7,41.2,39,37.1,35.5,34.1,32.9,31.8,30.8,29.7,28.6,27.5,26.4,25.3,24.1,22.9,21.7,20.4,19.1,17.8,16.5,15.3,14.1,12.9,11.8,10.8,10,9.3,8.8,8.5,8.4,8.4,8.5,8.6,
Andorra,AND,"Mortality rate, infant (per 1,000 live births)",SP.DYN.IMRT.IN,,,,,,,,,,,,,,,,,,,,,,,,,,10.1,9.9,9.7,9.5,9.3,9.1,8.8,8.6,8.4,8.2,7.9,7.7,7.4,7.1,6.8,6.6,6.3,6.1,5.8,5.6,5.4,5.1,4.9,4.7,4.5,4.3,4,3.9,3.7,3.5,3.3,3.2,3.1,2.9,2.8,
Arab World,ARB,"Mortality rate, infant (per 1,000 live births)",SP.DYN.IMRT.IN,,,,,,,,,,,,,,,,,,,,,,,,,,,,,,,57.95224374,56.30155677,54.78436558,53.33700199,51.87712226,50.49123046,49.10365129,47.7360306,46.39753986,45.07564611,43.79299723,42.47035488,41.20504675,39.96640514,38.75380516,37.57911518,36.38826865,35.17933897,34.01362733,32.87302168,31.83241424,30.91501233,30.12576249,29.41261672,28.7609098,28.18685936,27.62728878,27.09817908,26.60652905,26.13656925,
United Arab Emirates,ARE,"Mortality rate, infant (per 1,000 live births)",SP.DYN.IMRT.IN,134.7,128.4,122.1,115.8,109.4,103,96.3,89.6,82.9,76.4,70.1,64.5,59.1,54.3,49.8,45.6,41.7,38,34.7,31.6,28.8,26.3,24.1,22.2,20.6,19.2,18,16.9,15.9,15,14.2,13.5,12.9,12.3,11.8,11.3,10.9,10.6,10.2,9.9,9.6,9.4,9.1,8.9,8.6,8.3,8.1,7.9,7.6,7.4,7.3,7.1,7,6.8,6.8,6.7,6.6,6.6,6.5,6.4,
Argentina,ARG,"Mortality rate, infant (per 1,000 live births)",SP.DYN.IMRT.IN,,,,,,,,,,59.5,59,58.3,57.4,56.3,54.8,52.7,50.2,47,43.6,40.1,37,34.2,31.9,29.8,28.2,27,26.1,25.7,25.6,25.5,25.3,24.9,24.2,23.4,22.4,21.4,20.5,19.7,18.9,18.2,17.5,16.9,16.4,15.8,15.3,14.8,14.4,14,13.7,13.3,12.9,12.4,11.9,11.3,10.8,10.2,9.7,9.2,8.7,8.2,
Armenia,ARM,"Mortality rate, infant (per 1,000 live births)",SP.DYN.IMRT.IN,,,,,,,,,,,,,,,,,69.5,67,64.5,62.2,59.9,57.8,55.8,53.9,52,50.2,48.4,46.7,48.9,43.4,41.7,40.1,38.5,36.9,35.3,33.8,32.4,30.9,29.6,28.3,27,25.8,24.6,23.5,22.3,21.3,20.2,19.2,18.3,17.4,16.5,15.7,14.9,14.2,13.5,12.8,12.2,11.6,11,10.5,
American Samoa,ASM,"Mortality rate, infant (per 1,000 live births)",SP.DYN.IMRT.IN,,,,,,,,,,,,,,,,,,,,,,,,,,,,,,,,,,,,,,,,,,,,,,,,,,,,,,,,,,,,,
Antigua and Barbuda,ATG,"Mortality rate, infant (per 1,000 live births)",SP.DYN.IMRT.IN,63.1,59.1,54.6,50,45.3,40.8,36.6,32.8,29.5,26.7,24.3,22.3,20.7,19.4,18.3,17.2,16.2,15.3,14.4,13.6,12.9,12.3,11.8,11.5,11.2,11.1,11,11,11.1,11.3,11.5,11.7,12.1,12.4,12.7,13,13.2,13.4,13.4,13.2,13,12.7,12.4,12,11.5,11,10.6,10.1,9.6,9.1,8.7,8.2,7.8,7.4,7.1,6.8,6.5,6.2,6,5.8,
Australia,AUS,"Mortality rate, infant (per 1,000 live births)",SP.DYN.IMRT.IN,20.3,19.9,19.5,19.1,18.7,18.5,18.3,18.2,18.1,18,17.8,17.4,16.8,16.1,15.3,14.4,13.5,12.6,11.9,11.3,10.8,10.4,10.1,9.8,9.6,9.3,9.1,8.8,8.4,8,7.6,7.1,6.7,6.3,6,5.8,5.6,5.4,5.3,5.2,5.1,5,5,4.9,4.8,4.8,4.7,4.5,4.4,4.2,4,3.8,3.6,3.5,3.3,3.3,3.2,3.1,3.1,3.1,
Austria,AUT,"Mortality rate, infant (per 1,000 live births)",SP.DYN.IMRT.IN,37.2,35,32.9,31.1,29.6,28.3,27.3,26.3,25.7,25.3,25,24.7,24.2,23.1,21.6,19.8,18,16.6,15.4,14.6,13.9,13.2,12.6,11.9,11.3,10.7,10.1,9.4,8.8,8.4,8,7.6,7.2,6.7,6.2,5.7,5.3,5,4.8,4.7,4.6,4.5,4.4,4.3,4.2,4.1,3.9,3.8,3.8,3.7,3.6,3.5,3.3,3.2,3.1,3,3,2.9,2.9,2.8,
Azerbaijan,AZE,"Mortality rate, infant (per 1,000 live births)",SP.DYN.IMRT.IN,,,,,,,,,,,,,,,,,,,,,,,85.7,83.9,82.1,80.4,79,77.8,76.8,76.1,75.8,75.9,76.2,76.3,75.9,75,73.4,71.2,68.2,64.8,61.1,57.3,53.7,50.3,47.2,44.4,41.8,39.3,37,34.8,32.6,30.6,28.6,26.8,25,23.4,21.8,20.5,19.3,18.2,
Burundi,BDI,"Mortality rate, infant (per 1,000 live births)",SP.DYN.IMRT.IN,,,,,141.7,142.8,143.9,145,145.8,146.4,146.7,147,147.3,147.7,147.9,148,147.5,145.7,142.5,138.3,132.9,127.2,121.4,115.8,110.8,107.1,104.7,103.5,103.5,104.2,105.2,106.3,107,107.3,107,106.1,104.7,102.9,100.5,97.9,95.1,92,88.9,85.6,82.1,78.2,74.2,70,66.2,62.6,59.2,56,53.1,50.4,48,45.9,44.2,42.6,41.2,39.9,
Belgium,BEL,"Mortality rate, infant (per 1,000 live births)",SP.DYN.IMRT.IN,29.3,28.1,27,25.9,24.9,24,23.2,22.5,21.9,21.3,20.6,19.7,18.7,17.7,16.7,15.8,14.9,14.1,13.5,12.9,12.3,11.7,11.2,10.7,10.2,9.8,9.5,9.2,8.9,8.6,8.3,8.1,7.7,7.3,6.8,6.3,5.9,5.5,5.2,5,4.8,4.6,4.4,4.3,4.1,4,3.9,3.9,3.8,3.7,3.6,3.6,3.5,3.4,3.3,3.2,3.1,2.9,2.8,2.7,
Benin,BEN,"Mortality rate, infant (per 1,000 live births)",SP.DYN.IMRT.IN,185,182,178.8,175.6,172.4,169.3,166.2,163.2,160.4,157.7,155.1,152.6,149.9,147.1,144.1,141.1,137.9,134.9,132,129.4,127,124.8,122.6,120.5,118.5,116.4,114.4,112.2,110.1,107.9,105.7,103.4,101.2,99.1,97.1,95.2,93.3,91.6,89.8,88,86.1,84.3,82.4,80.6,78.9,77.3,75.8,74.4,73.1,71.8,70.6,69.3,68.1,66.8,65.5,64.3,63,61.8,60.4,59,
Burkina Faso,BFA,"Mortality rate, infant (per 1,000 live births)",SP.DYN.IMRT.IN,155.6,154.1,152.5,151,149.7,148.6,147.7,146.7,145.9,145,144,142.9,141.2,138.8,135.6,131.8,127.6,123.6,119.9,116.7,114.1,111.9,109.9,108.2,106.4,104.7,102.9,101.3,100,99.1,98.5,98.3,98.2,98.1,97.8,97.2,96.2,95,93.7,92.4,91,89.4,87.7,85.7,83.4,80.9,78.2,75.5,72.9,70.5,68.2,66.3,64.4,62.8,61.1,59.5,58,56.7,55.3,53.9,
Bangladesh,BGD,"Mortality rate, infant (per 1,000 live births)",SP.DYN.IMRT.IN,173.6,169.2,165.2,161.6,158.4,155.6,153.3,151.6,150.3,149.3,148.7,148.2,147.6,147,146.1,144.8,143.2,141.1,138.8,136.3,133.5,130.7,127.7,124.5,121.2,117.9,114.3,110.7,107.1,103.4,99.7,95.9,92.2,88.4,84.7,81,77.3,73.7,70.1,66.7,63.4,60.3,57.3,54.6,52,49.5,47.1,44.8,42.6,40.5,38.6,36.8,35.1,33.5,32.1,30.6,29.3,28,26.7,25.6,
Bulgaria,BGR,"Mortality rate, infant (per 1,000 live births)",SP.DYN.IMRT.IN,45,40,36.4,33.8,32.1,31.3,31,31,30.3,28.9,27.4,26.3,25.7,25.2,24.7,24.2,23.5,22.8,21.8,20.7,19.6,18.7,18,17.4,16.6,15.8,15,14.3,14,14.2,14.7,15.1,15.3,15.4,15.4,15.4,15.5,15.7,15.5,14.9,14.3,13.7,13.2,12.6,11.8,11,10.4,9.8,9.5,9.3,9.1,8.7,8.3,7.7,7.2,6.8,6.5,6.2,5.9,5.6,
Bahrain,BHR,"Mortality rate, infant (per 1,000 live births)",SP.DYN.IMRT.IN,133.4,122.8,113.4,104.5,96.1,88.1,80.8,74,67.6,61.9,56.6,51.9,47.6,43.7,40.3,37.2,34.6,32.3,30.2,28.4,26.7,25.3,24.1,23,22,21.2,20.5,20.1,19.8,19.7,19.5,19.3,18.7,17.9,16.8,15.5,14.2,13.1,12.1,11.3,10.8,10.3,10,9.7,9.4,9.1,8.8,8.4,8,7.6,7.3,7,6.8,6.7,6.6,6.5,6.3,6.2,6.1,5.9,
"Bahamas, The",BHS,"Mortality rate, infant (per 1,000 live births)",SP.DYN.IMRT.IN,,,,,,,,,24.8,25.3,25.7,26.1,26.4,26.6,26.7,26.7,26.5,26.2,25.8,25.4,25,24.6,24.3,24.1,23.9,23.6,23.2,22.6,21.8,20.9,20,19.1,18.2,17.3,16.5,15.8,15.1,14.5,14.1,13.9,13.9,14,14.1,14.3,14.4,14.4,14.3,14.2,13.9,13.6,13.3,13.1,12.8,12.5,12.3,12,11.7,11.4,11.1,10.9,
Bosnia and Herzegovina,BIH,"Mortality rate, infant (per 1,000 live births)",SP.DYN.IMRT.IN,,,,,,,,,,,,,,,,,,,,,,,,,26.1,24,22.1,20.4,18.8,17.4,16.1,14.9,14.4,13.6,12.4,11.7,10.8,10.2,9.6,9.1,8.7,8.4,8.2,8,7.9,7.8,7.5,7.2,6.9,6.6,6.3,6,5.8,5.6,5.5,5.4,5.3,5.3,5.2,5.1,
Belarus,BLR,"Mortality rate, infant (per 1,000 live births)",SP.DYN.IMRT.IN,,,,,,,,,,,,,,,,,,,,,17.2,16.5,15.8,15.2,14.7,14.2,13.7,13.2,12.7,12.3,12.2,12.1,12.2,12.3,12.4,12.4,12.2,11.8,11.3,10.7,9.9,9.1,8.4,7.7,7.1,6.5,6,5.5,5,4.6,4.2,3.9,3.6,3.4,3.2,3,2.9,2.7,2.6,2.4,
Belize,BLZ,"Mortality rate, infant (per 1,000 live births)",SP.DYN.IMRT.IN,,,,,,,,78.4,75.5,72.6,69.7,67.1,64.7,62.5,60.3,58.2,56.3,54.4,52.7,51,49.4,47.7,46,44.3,42.5,40.6,38.8,36.8,34.9,33,31.2,29.5,27.9,26.5,25.2,24.1,23.1,22.3,21.4,20.7,20,19.4,18.9,18.5,18.1,17.9,17.6,17.3,17,16.6,16.2,15.7,15.2,14.5,13.9,13.2,12.5,11.8,11.2,10.6,
Bermuda,BMU,"Mortality rate, infant (per 1,000 live births)",SP.DYN.IMRT.IN,,,,,,,,,,,,,,,,,,,,,,,,,,,,,,,,,,,,,,,,,,,,,,,,,,,,,,,,,,,,,
Bolivia,BOL,"Mortality rate, infant (per 1,000 live births)",SP.DYN.IMRT.IN,173.8,170.7,167.6,164.5,161.5,158.3,155.2,152,148.9,145.6,142.4,139.1,135.8,132.4,129,125.6,122.3,119.1,116,113.1,110.4,107.9,105.4,103,100.5,97.9,95.2,92.5,89.6,86.8,83.9,81.1,78.3,75.6,72.8,70,67.2,64.4,61.5,58.6,55.8,53,50.3,47.7,45.3,42.9,40.7,38.5,36.5,34.6,32.7,31,29.4,27.8,26.4,25.1,23.9,22.9,22,21.2,
Brazil,BRA,"Mortality rate, infant (per 1,000 live births)",SP.DYN.IMRT.IN,127.2,123.9,120.8,117.9,115.2,112.8,110.5,108.4,106.3,104.1,101.8,99.4,97.1,94.7,92.4,90,87.6,85.1,82.4,79.5,76.5,73.4,70.5,67.7,65.1,62.7,60.5,58.4,56.4,54.4,52.4,50.3,48.1,45.8,43.3,40.9,38.5,36.3,34.2,32.2,30.3,28.5,26.7,25,23.5,22,20.6,19.4,18.4,17.5,16.7,16,15.4,14.9,14.5,14,14.6,13.2,12.8,12.4,
Barbados,BRB,"Mortality rate, infant (per 1,000 live births)",SP.DYN.IMRT.IN,70.2,65.3,61.1,57.5,54.3,51.5,49,46.8,44.8,42.8,40.9,38.9,37,35.1,33.2,31.4,29.7,28,26.4,24.9,23.5,22.4,21.4,20.6,19.9,19.3,18.7,18.1,17.5,16.8,16.2,15.5,14.9,14.4,14,13.7,13.5,13.4,13.4,13.5,13.7,13.9,14.1,14.3,14.4,14.4,14.3,14.2,14,13.9,13.8,13.7,13.6,13.5,13.3,13,12.7,12.4,12.1,11.7,
Brunei Darussalam,BRN,"Mortality rate, infant (per 1,000 live births)",SP.DYN.IMRT.IN,83.9,75.9,68.2,61.3,55.6,51.2,47.9,45.3,43.1,41,38.6,36,33.1,30.2,27.3,24.7,22.3,20.2,18.4,16.8,15.4,14.2,13.2,12.4,11.7,11.2,10.8,10.5,10.3,10.2,10.2,10.3,10.2,10.2,10,9.7,9.4,9.1,8.8,8.5,8.2,8,7.9,7.8,7.7,7.6,7.6,7.7,7.7,7.8,7.9,8.1,8.2,8.4,8.6,8.8,9,9.2,9.4,9.6,
Bhutan,BTN,"Mortality rate, infant (per 1,000 live births)",SP.DYN.IMRT.IN,,,,,,,,,,187.6,181.5,175.9,170.6,165,159.6,154.3,149.3,144.6,139.9,135.3,130.5,125.9,121.3,117,112.7,108.5,104.5,100.5,96.6,92.8,89.1,85.6,82.2,78.9,75.6,72.4,69.2,66.1,63.1,60.2,57.4,54.7,52.1,49.5,47,44.6,42.2,40,37.8,35.8,34,32.3,30.9,29.6,28.5,27.4,26.4,25.5,24.7,23.8,
Botswana,BWA,"Mortality rate, infant (per 1,000 live births)",SP.DYN.IMRT.IN,114.3,111.3,108.3,105.5,102.7,100.2,97.7,95.3,92.8,89.9,87.1,84.2,81.1,78,74.7,71.4,67.9,64.4,60.9,57.7,54.9,52.2,49.8,47.6,45.4,43.3,41.2,39.3,37.6,36.6,36.2,36.4,36.9,37.6,38.4,39.1,37.2,36.6,35.8,34.2,32,29.4,27.4,25.8,24.2,21,20,21.6,22.6,22.9,24.6,27.1,27,28.6,31,32.1,33,32.5,32.3,32.3,
Central African Republic,CAF,"Mortality rate, infant (per 1,000 live births)",SP.DYN.IMRT.IN,165.2,162.6,160.2,157.6,154.8,151.9,148.9,146,143,140.1,137.4,134.9,132.6,130.5,128.5,126.7,124.9,123.2,121.7,120.3,119.1,118.1,117.2,116.6,116.1,115.6,115.2,115,115.1,115.5,115.5,115.2,114.8,114.2,113.8,113.3,112.8,112.2,111.6,111,110.4,109.8,109.2,108.5,107.8,107,105.9,104.9,103.6,101.9,100.3,98.2,96.2,94.6,92.1,89.7,87.4,85.5,83.4,81,
Canada,CAN,"Mortality rate, infant (per 1,000 live births)",SP.DYN.IMRT.IN,27.8,26.9,26,25,24,23.1,22.1,21.2,20.3,19.4,18.5,17.6,16.7,15.9,15,14.1,13.3,12.5,11.7,11,10.3,9.7,9.2,8.7,8.3,8,7.7,7.5,7.3,7,6.8,6.6,6.4,6.2,6,5.8,5.6,5.5,5.4,5.3,5.3,5.2,5.2,5.2,5.2,5.2,5.1,5.1,5,5,4.9,4.8,4.8,4.7,4.7,4.6,4.5,4.4,4.3,4.2,
Central Europe and the Baltics,CEB,"Mortality rate, infant (per 1,000 live births)",SP.DYN.IMRT.IN,,,,,,,,,,,,,,,,,,,,,,,,,,,,,,,16.11312267,15.65235999,15.21954266,14.78804592,14.25732349,13.62885012,13.00265782,12.34469041,11.65164186,10.92103359,10.32628856,9.822629766,9.512244256,9.192647207,8.851303524,8.381892047,7.909113139,7.414017744,6.931733237,6.545585628,6.175932221,5.906623986,5.628928818,5.351652978,5.055207422,4.816425972,4.576936437,4.376365228,4.172168437,4.010049057,
Switzerland,CHE,"Mortality rate, infant (per 1,000 live births)",SP.DYN.IMRT.IN,21.7,21.2,20.7,20.1,19.3,18.4,17.6,16.9,16.3,15.6,15,14.3,13.6,12.8,12,11.2,10.5,9.8,9.2,8.8,8.4,8.1,7.8,7.6,7.4,7.3,7.2,7.1,7,6.8,6.6,6.4,6.1,5.8,5.5,5.2,5,4.9,4.8,4.7,4.7,4.6,4.6,4.5,4.4,4.3,4.2,4.1,4,4,3.9,3.9,3.9,3.8,3.8,3.8,3.7,3.7,3.6,3.6,
Channel Islands,CHI,"Mortality rate, infant (per 1,000 live births)",SP.DYN.IMRT.IN,,,,,,,,,,,,,,,,,,,,,,,,,,,,,,,,,,,,,,,,,,,,,,,,,,,,,,,,,,,,,
Chile,CHL,"Mortality rate, infant (per 1,000 live births)",SP.DYN.IMRT.IN,131,123.8,118.5,113.3,106.1,96.6,86.9,78.7,72.6,68.8,66.9,66.1,65.2,63.4,59.7,54.1,47.5,41,35.3,30.9,27.8,25.2,22.8,20.7,19.4,18.9,18.7,18.5,18,17.2,16.1,14.9,13.7,12.7,11.8,11.1,10.6,10.3,10.1,9.8,9.2,8.7,8.3,8.1,7.9,7.7,7.6,7.6,7.6,7.5,7.4,7.3,7.2,7.1,6.9,6.7,6.6,6.4,6.2,6,
China,CHN,"Mortality rate, infant (per 1,000 live births)",SP.DYN.IMRT.IN,,,,,,,,,,83.1,79.5,75.9,72.4,69,65.5,62,58.6,55.4,52.6,50,47.8,46,44.5,43.4,42.7,42.2,42.1,42.1,42.2,42.2,42.1,41.7,41.1,40.1,39,37.7,36.4,35,33.5,31.9,30.1,28.2,26.1,24.1,22.2,20.3,18.7,17.2,15.8,14.7,13.6,12.6,11.6,10.8,9.9,9.2,8.5,7.9,7.3,6.8,
Cote d'Ivoire,CIV,"Mortality rate, infant (per 1,000 live births)",SP.DYN.IMRT.IN,212.2,206.7,201.3,196.1,191.1,186.2,181.4,176.6,171.8,167.1,162.3,157.4,152.2,146.9,141.5,136.1,130.8,125.9,121.4,117.7,114.7,112.2,110.1,108.3,107,106,105.1,104.6,104.2,104,103.8,103.6,103.4,103,102.5,101.8,100.9,99.8,98.4,96.9,95.3,93.4,91.4,89.5,87.5,85.2,83.3,81.1,78.8,76.7,74.7,72.9,70.9,68.9,67,65.3,63.9,62.2,60.6,58.6,
Cameroon,CMR,"Mortality rate, infant (per 1,000 live births)",SP.DYN.IMRT.IN,163.6,160,157,154.3,151.3,148,144,139.3,134.2,129.3,124.6,120.6,117.5,115.3,114,113.2,112.7,112,110.9,109.3,107.2,104.5,101.3,98,94.5,91.2,88.4,86.2,84.8,84.2,84.4,85.2,86.4,87.8,89,89.8,90.3,90.3,89.9,88.9,87.4,85.7,83.7,81.7,79.8,78.1,76.4,74.8,72.9,71.3,68.8,66.9,64.6,62,59.8,57.3,55.4,53.4,51.6,50.2,
"Congo, Dem. Rep.",COD,"Mortality rate, infant (per 1,000 live births)",SP.DYN.IMRT.IN,,,,,,,,,,150.3,148.8,147.3,145.8,144.1,142.4,140.5,138.7,137,135.3,133.6,131.9,130.2,128.8,127.3,126,124.8,123.6,122.5,121.4,120.4,119.3,118.2,117.2,116.2,115.3,114.3,113.1,111.8,110.3,108.6,106.6,104.5,102.3,100.1,97.7,95.5,93.1,90.8,88.5,86.3,84,81.9,79.8,77.7,75.7,73.8,71.8,69.8,67.9,66.1,
"Congo, Rep.",COG,"Mortality rate, infant (per 1,000 live births)",SP.DYN.IMRT.IN,109.7,107.5,105.4,103.4,101.2,98.9,96.5,94.1,91.7,89.6,87.4,85.4,83.4,81.5,79.6,77.8,76,74.4,72.8,71.1,69.4,67.7,66,64.3,62.7,61.2,59.9,59,58.6,58.6,59,59.9,61.2,62.9,64.9,67,69.1,71.1,72.5,73.1,72.4,70.6,67.9,64.4,60.5,56.5,52.8,49.5,46.7,44.7,43.1,42,41.2,40.4,39.5,38.5,37.6,36.6,35.7,34.9,
Colombia,COL,"Mortality rate, infant (per 1,000 live births)",SP.DYN.IMRT.IN,94.3,91.4,88.7,86.2,83.7,81.5,79.3,77.2,75,72.8,70.5,68.2,65.9,63.4,60.9,58.2,55.5,52.7,50,47.3,44.7,42.2,40,37.9,36,34.4,32.9,31.7,30.6,29.7,28.8,28,27.2,26.3,25.5,24.7,23.9,23.1,22.4,21.7,21,20.4,19.9,19.3,18.8,18.3,17.8,17.3,16.8,16.3,15.8,15.3,14.8,14.3,13.9,13.4,13,12.6,12.2,11.8,
Comoros,COM,"Mortality rate, infant (per 1,000 live births)",SP.DYN.IMRT.IN,,,,,,,,,,,150.9,147.6,144.4,141.6,138.6,135.6,132.3,128.9,125.6,121.9,118.4,114.8,111.3,107.9,104.5,101.3,98.2,95.3,92.5,89.9,87.5,85,82.5,80.2,78.2,76.6,75.3,74.1,73.3,72.6,72.2,71.9,71.7,71.3,70.7,69.6,68.3,66.8,65.3,63.6,62.1,60.2,58.7,57.2,55.6,54.1,52.6,51.2,49.7,48.3,
Cabo Verde,CPV,"Mortality rate, infant (per 1,000 live births)",SP.DYN.IMRT.IN,122.5,121.1,119.7,118.1,116.4,114.5,112.1,109.6,106.7,103.4,99.7,95.8,91.7,87.5,83.4,79.5,75.8,72.6,69.8,67.5,65.8,64.5,63.4,62.3,60.9,59,56.5,53.7,51,48.6,46.7,45.6,45,44.8,44.7,44,42.6,40.3,37.4,34.1,31.1,28.4,26.3,24.9,24,23.6,23.4,23.3,23.1,22.7,22.1,21.3,20.3,19.2,17.9,16.7,15.5,14.5,13.6,12.8,
Costa Rica,CRI,"Mortality rate, infant (per 1,000 live births)",SP.DYN.IMRT.IN,67.3,65.1,66.4,68.9,70.8,70.6,67.6,63.4,61.2,61.6,61.2,58,53,48,43.5,38.7,33.4,28.3,24,21,19.2,18.7,19,19.5,19.9,19.6,18.6,17.1,15.6,14.6,14,13.5,13.2,12.9,12.8,12.7,12.7,12.6,12.3,11.6,11,10.5,10.2,10,9.9,9.8,9.7,9.7,9.5,9.4,9.2,8.9,8.6,8.2,7.9,7.7,7.5,7.5,7.5,7.5,
Caribbean small states,CSS,"Mortality rate, infant (per 1,000 live births)",SP.DYN.IMRT.IN,,,,,,,,,,,,,,,,,,,,,,,,,,,,,,,28.87563233,28.08946865,27.36773466,26.66622045,26.01610879,25.36112875,24.7075996,24.13302821,23.60361946,23.06215265,22.54467839,22.12914446,21.68414967,21.29365063,20.89573973,20.56385107,20.13806263,19.81389684,19.41004644,19.01090744,18.59606858,18.16910083,17.7361668,17.30187451,16.86095084,16.36300976,15.9539994,15.46825619,15.01978814,14.56583583,
Cuba,CUB,"Mortality rate, infant (per 1,000 live births)",SP.DYN.IMRT.IN,47.1,45.3,43.6,41.9,40.3,38.7,37.1,35.6,34.1,32.5,31,29.5,28.1,26.7,25.3,24,22.7,21.5,20.3,19.3,18.3,17.3,16.4,15.6,14.8,14.1,13.4,12.7,12.1,11.5,10.9,10.4,9.9,9.4,9,8.6,8.2,7.8,7.5,7.2,6.9,6.6,6.4,6.1,5.9,5.7,5.5,5.3,5.1,5,4.8,4.7,4.5,4.4,4.3,4.2,4.1,4,3.9,3.8,
Curacao,CUW,"Mortality rate, infant (per 1,000 live births)",SP.DYN.IMRT.IN,,,,,,,,,,,,,,,,,,,,,,,,,,,,,,,,,,,,,,,,,,,,,,,,,,,,,,,,,,,,,
Cayman Islands,CYM,"Mortality rate, infant (per 1,000 live births)",SP.DYN.IMRT.IN,,,,,,,,,,,,,,,,,,,,,,,,,,,,,,,,,,,,,,,,,,,,,,,,,,,,,,,,,,,,,
Cyprus,CYP,"Mortality rate, infant (per 1,000 live births)",SP.DYN.IMRT.IN,,,,,,,,,,,,35.4,32.8,30.4,28,25.4,22.9,20.6,19,17.8,17.1,16.5,15.8,14.6,13.3,12.1,11,10.3,10.1,10,9.9,9.7,9.4,8.9,8.4,7.9,7.4,6.9,6.5,6.1,5.7,5.3,5,4.7,4.4,4.1,3.8,3.6,3.3,3.1,2.9,2.8,2.6,2.5,2.3,2.2,2.1,2,1.9,1.8,
Czech Republic,CZE,"Mortality rate, infant (per 1,000 live births)",SP.DYN.IMRT.IN,,,,,,,,,,,,,,,,,,,,,,13.4,13,12.7,12.5,12.2,11.9,11.5,11.1,10.7,10.3,9.9,9.3,8.6,7.9,7.1,6.4,5.8,5.3,4.8,4.5,4.3,4.1,3.9,3.7,3.5,3.4,3.2,3,2.9,2.7,2.6,2.6,2.5,2.5,2.5,2.5,2.5,2.5,2.5,
Germany,DEU,"Mortality rate, infant (per 1,000 live births)",SP.DYN.IMRT.IN,,,,,,,,,23.4,22.7,22.1,21.4,20.6,19.7,18.8,17.7,16.6,15.5,14.4,13.5,12.6,11.8,11,10.4,9.8,9.2,8.7,8.3,7.8,7.4,7,6.6,6.2,5.8,5.5,5.3,5,4.8,4.7,4.5,4.4,4.3,4.2,4.1,4,3.9,3.8,3.7,3.6,3.5,3.5,3.4,3.4,3.3,3.3,3.3,3.3,3.3,3.3,3.2,
Djibouti,DJI,"Mortality rate, infant (per 1,000 live births)",SP.DYN.IMRT.IN,,,,,,,,,,,,,,,,,130.2,126.7,123.4,120.1,117,113.9,111,108.2,105.4,102.6,100,97.6,95.4,93.5,91.7,90.2,88.8,87.7,86.8,85.9,85,83.9,82.8,81.5,80,78.4,76.7,74.9,73.1,71.3,69.5,67.6,65.9,64.1,62.4,60.7,59,57.4,55.9,54.3,52.7,51.3,49.8,48.4,
Dominica,DMA,"Mortality rate, infant (per 1,000 live births)",SP.DYN.IMRT.IN,83.7,77.1,71,65.3,60.1,55.3,50.9,46.9,43.2,39.8,36.7,33.9,31.4,29,26.9,25,23.3,21.7,20.3,19.1,18,17.1,16.3,15.6,15,14.4,14,13.6,13.3,13.1,12.9,12.8,12.8,12.8,12.8,12.9,13,13.2,13.5,13.7,14.1,14.5,15,15.5,16.1,16.8,17.5,18.3,19.2,20.2,21.2,22.4,23.5,24.8,26.1,27.3,28.4,29.4,30.3,30.9,
Denmark,DNK,"Mortality rate, infant (per 1,000 live births)",SP.DYN.IMRT.IN,21.3,20.8,20.2,19.5,18.8,17.9,16.9,16,15.2,14.6,14,13.2,12.4,11.6,10.9,10.2,9.7,9.2,8.8,8.5,8.2,8.1,7.9,7.9,7.9,8,8,8,7.9,7.7,7.4,7,6.5,6.1,5.7,5.4,5.2,5,4.9,4.8,4.7,4.7,4.6,4.5,4.3,4.2,4,3.8,3.7,3.6,3.5,3.4,3.4,3.5,3.5,3.5,3.5,3.4,3.3,3.2,
Dominican Republic,DOM,"Mortality rate, infant (per 1,000 live births)",SP.DYN.IMRT.IN,102.1,101.3,100.3,99,97.5,95.9,94.1,92.4,90.6,88.8,86.9,84.8,82.5,80.1,77.6,75,72.6,70.2,67.9,65.8,63.7,61.7,59.7,57.9,56.1,54.4,52.8,51.1,49.5,47.9,46.3,44.8,43.2,41.6,40.1,38.6,37.3,36,34.8,33.8,32.9,32.1,31.5,30.9,30.3,29.9,29.5,29.1,28.8,28.5,28.2,27.8,27.5,27.1,26.6,26,25.4,24.8,24.1,23.5,
Algeria,DZA,"Mortality rate, infant (per 1,000 live births)",SP.DYN.IMRT.IN,145.5,145.7,146.2,146.8,147.2,147.7,148.2,148.4,148.1,147.2,145.4,143,140,136.5,132.5,128.1,123.5,118.6,113.5,108,101.8,94.5,86.3,77,67.7,59.5,53.2,48.6,45.3,43.2,41.8,40.7,39.8,39,38,37.1,36.3,35.5,34.9,34.4,33.9,33.2,32.4,31.3,30.1,28.8,27.6,26.4,25.3,24.4,23.6,22.9,22.5,22.1,21.9,21.6,21.3,20.9,20.4,20,
East Asia & Pacific (excluding high income),EAP,"Mortality rate, infant (per 1,000 live births)",SP.DYN.IMRT.IN,,,,,,,,,,,,,,,,,,,,,,,,,,,,,,,45.45874047,44.70913678,43.84377505,42.73896701,41.61011543,40.32785661,39.07025875,37.7383021,36.32854122,34.86019891,33.26553185,31.60667447,29.83690609,28.17340504,26.79139776,25.0194386,23.6655566,22.36693104,21.29905973,20.09835419,19.07578491,18.1073744,17.1653048,16.3657621,15.52577198,14.83819159,14.16043852,13.56013019,12.97012887,12.45269371,
Early-demographic dividend,EAR,"Mortality rate, infant (per 1,000 live births)",SP.DYN.IMRT.IN,,,,,,,,,,,,,,,,,,,,,,,,,,,,,,,77.31430349,75.32279825,73.4324789,71.56656805,69.72540664,67.8113122,65.82074784,63.84634186,61.81977141,59.75165138,57.69130927,55.64381131,53.67118408,51.74965608,49.96979587,48.07363243,46.35518159,44.58777324,42.86789393,41.06065563,39.45271074,37.7522432,36.23557318,34.77623644,33.46304886,32.14378599,30.9678553,29.81042142,28.66315465,27.66536497,
East Asia & Pacific,EAS,"Mortality rate, infant (per 1,000 live births)",SP.DYN.IMRT.IN,,,,,,,,,,,,,,,,,,,,,,,,,,,,,,,43.3,42.5,41.5,40.4,39.3,38,36.8,35.5,34.2,32.8,31.4,29.8,28.2,26.6,25.3,23.7,22.4,21.2,20.2,19,18,17.1,16.3,15.5,14.8,14.1,13.5,12.9,12.4,11.9,
Europe & Central Asia (excluding high income),ECA,"Mortality rate, infant (per 1,000 live births)",SP.DYN.IMRT.IN,,,,,,,,,,,,,,,,,,,,,,,,,,,,,,,37.48964523,37.30636011,37.40020139,37.40108314,37.07502197,36.49883073,35.55578061,34.36481873,32.92656133,31.31861376,29.6621567,27.96921179,26.30259942,24.69579575,23.13345943,21.70141144,20.3596264,19.08879534,17.97792885,16.99439898,16.08378866,15.29471207,14.50760331,13.78671158,13.04203216,12.32100682,11.69896658,11.0734173,10.52644485,10.02147312,
Europe & Central Asia,ECS,"Mortality rate, infant (per 1,000 live births)",SP.DYN.IMRT.IN,,,,,,,,,,,,,,,,,,,,,,,,,,,,,,,24.9,24.4,24,23.6,23.1,22.4,21.6,20.7,19.7,18.8,17.8,16.8,15.9,15,14.1,13.3,12.6,12,11.4,10.9,10.4,10,9.6,9.2,8.8,8.4,8,7.6,7.3,7,
Ecuador,ECU,"Mortality rate, infant (per 1,000 live births)",SP.DYN.IMRT.IN,119.2,116,113,110.1,107.4,104.9,102.7,100.8,99,97.2,95.4,93.3,90.9,88,84.8,81.5,78.2,75.2,72.3,69.5,66.7,63.8,60.8,57.9,55.1,52.4,50,47.8,45.8,43.9,42,40.2,38.3,36.4,34.5,32.6,30.7,28.9,27.1,25.6,24.2,22.9,21.9,20.9,20.1,19.3,18.6,17.8,17.1,16.4,15.7,15,14.4,13.8,13.4,13,12.7,12.5,12.3,12,
"Egypt, Arab Rep.",EGY,"Mortality rate, infant (per 1,000 live births)",SP.DYN.IMRT.IN,211.8,205,198.1,191.3,185,179.4,174.8,171.1,168.1,165.7,163.4,161,158.2,154.6,149.9,144.5,138.6,132.4,126.2,120.1,114.3,108.6,102.6,96.4,90,83.8,78.1,73.2,69,65.6,62.7,60.1,57.5,54.9,52.1,49.4,46.6,44,41.5,39.2,37.2,35.2,33.5,32,30.6,29.4,28.2,27.1,26.1,25.1,24.1,23.1,22.2,21.4,20.6,19.9,19.2,18.5,17.9,17.3,
Euro area,EMU,"Mortality rate, infant (per 1,000 live births)",SP.DYN.IMRT.IN,,,,,,,,,,,,,,,,,,,,,,,,,,,,,,,7.943078046,7.602419829,7.230640429,6.81303253,6.378218618,6.01505684,5.656117136,5.370674687,5.150262964,4.938013486,4.765198932,4.608072871,4.441670975,4.272732238,4.117596679,3.985312372,3.863175335,3.746447651,3.645619354,3.55726967,3.512898406,3.405312613,3.352767249,3.300561077,3.260549581,3.231270358,3.206021795,3.190389074,3.184125331,3.156188907,
Eritrea,ERI,"Mortality rate, infant (per 1,000 live births)",SP.DYN.IMRT.IN,,,,,,,,,,,,,,,127.7,125.2,122.7,120.4,118.4,116.7,115.1,113.7,112.1,110.6,108.9,107,105,102.7,100.2,97.2,93.7,89.9,85.8,81.3,76.9,72.6,68.6,64.9,61.7,58.8,56.2,53.9,51.7,49.7,47.8,46.1,44.5,43,41.6,40.3,39.1,38,36.9,35.8,34.9,34,33.1,32.2,31.3,30.5,
Spain,ESP,"Mortality rate, infant (per 1,000 live births)",SP.DYN.IMRT.IN,,,,,,,,,,,,,,,20,18.5,17.1,15.7,14.5,13.4,12.4,11.5,10.8,10.1,9.6,9.2,8.8,8.4,8.1,7.8,7.4,7.1,6.7,6.3,5.9,5.6,5.2,4.9,4.7,4.5,4.4,4.3,4.1,4,3.9,3.8,3.7,3.6,3.4,3.3,3.2,3,2.9,2.9,2.8,2.7,2.7,2.7,2.6,2.6,
Estonia,EST,"Mortality rate, infant (per 1,000 live births)",SP.DYN.IMRT.IN,,,,,,,,,,,,,,,,,,,,,17.8,17.1,16.5,15.9,15.4,15.1,14.7,14.5,14.3,14.1,14,13.9,13.7,13.4,13,12.4,11.7,10.9,10.1,9.4,8.7,8,7.3,6.7,6.1,5.6,5.1,4.7,4.3,3.9,3.6,3.3,3.1,2.8,2.6,2.5,2.3,2.1,2,1.9,
Ethiopia,ETH,"Mortality rate, infant (per 1,000 live births)",SP.DYN.IMRT.IN,,,,,,,145.5,145.3,145,144.8,144.7,144.4,144.2,144,143.8,143.7,143.4,143.1,142.7,141.9,140.8,139.3,137.3,135.1,132.7,130.3,128.1,125.9,123.7,121.4,119.1,116.4,113.6,110.4,106.9,103.4,100,96.6,93.4,90.2,87,83.6,80.2,76.6,73,69.5,66.1,62.8,59.8,56.9,54.3,51.9,49.5,47.2,45.1,43.1,41.2,39.5,37.9,36.5,
European Union,EUU,"Mortality rate, infant (per 1,000 live births)",SP.DYN.IMRT.IN,,,,,,,,,,,,,,,,,,,,,,,,,,,,,,,10.17871112,9.728060636,9.260235567,8.772770816,8.264275854,7.792923702,7.334449691,6.927121837,6.567611396,6.21310416,5.930037706,5.691831134,5.494398248,5.298651632,5.109241674,4.913112114,4.719101986,4.522998634,4.342930604,4.192164037,4.074216099,3.933866145,3.830869112,3.732717618,3.637100663,3.559537668,3.488146995,3.430180093,3.380367199,3.320085926,
Fragile and conflict affected situations,FCS,"Mortality rate, infant (per 1,000 live births)",SP.DYN.IMRT.IN,,,,,,,,,,,,,,,,,,,,,,,,,,,,,,,102.6431231,101.5780525,100.5336246,99.35018889,98.07242016,96.62276477,94.98747444,93.15715675,91.14929943,89.04807735,86.81001916,84.48990634,82.15810404,79.82302164,77.50780824,75.25007914,73.05384797,70.89760722,69.09907543,67.03774435,65.61812012,63.72939772,62.22793844,60.8540355,59.62163606,58.42775142,57.288063,56.04700059,54.74863308,53.52625422,
Finland,FIN,"Mortality rate, infant (per 1,000 live births)",SP.DYN.IMRT.IN,21.9,20.6,19.4,18.4,17.4,16.5,15.8,15.1,14.4,13.8,13.2,12.6,12,11.4,10.7,10.1,9.4,8.7,8.1,7.6,7.1,6.8,6.5,6.3,6.1,6,6,5.9,5.9,5.7,5.5,5.3,5,4.8,4.5,4.3,4.1,3.9,3.7,3.6,3.5,3.4,3.3,3.3,3.2,3.1,3,2.8,2.7,2.6,2.5,2.4,2.2,2.2,2.1,2,2,2,2,1.9,
Fiji,FJI,"Mortality rate, infant (per 1,000 live births)",SP.DYN.IMRT.IN,57.4,55.3,53.4,51.7,50.2,48.8,47.7,46.7,45.8,45.2,44.7,44.3,43.9,43.5,42.9,42.1,41.2,40,38.6,37.1,35.5,33.9,32.5,31.1,29.9,28.8,27.8,26.8,25.9,25.1,24.2,23.3,22.6,21.9,21.4,20.9,20.5,20.2,19.9,19.6,19.3,19.1,19,19.1,19.3,19.5,19.8,20,20.1,20.1,20.1,20,20,20.1,20.3,20.6,20.9,21.3,21.6,21.7,
France,FRA,"Mortality rate, infant (per 1,000 live births)",SP.DYN.IMRT.IN,23.7,22.4,21.3,20.3,19.3,18.5,17.7,17.1,16.4,15.8,15.1,14.3,13.7,13.2,12.7,12.3,11.9,11.5,11,10.5,10.2,9.8,9.5,9.1,8.8,8.5,8.3,8.1,7.9,7.7,7.4,7.1,6.7,6.2,5.7,5.3,5,4.8,4.6,4.5,4.4,4.3,4.2,4,3.9,3.8,3.7,3.6,3.6,3.6,3.6,3.5,3.5,3.5,3.5,3.5,3.5,3.6,3.7,3.8,
Faroe Islands,FRO,"Mortality rate, infant (per 1,000 live births)",SP.DYN.IMRT.IN,,,,,,,,,,,,,,,,,,,,,,,,,,,,,,,,,,,,,,,,,,,,,,,,,,,,,,,,,,,,,
"Micronesia, Fed. Sts.",FSM,"Mortality rate, infant (per 1,000 live births)",SP.DYN.IMRT.IN,,,,,,,,,,,,,,,,,,,,,,43.9,44.5,44.9,45.1,45.2,44.8,44.4,43.8,43.2,42.8,42.5,42.3,42.3,42.5,42.6,42.7,42.7,42.4,41.9,41.3,40.5,39.8,38.9,37.8,36.8,35.8,34.8,33.8,32.9,32,31.1,30.3,29.5,28.6,27.8,26.9,26.2,25.4,24.5,
Gabon,GAB,"Mortality rate, infant (per 1,000 live births)",SP.DYN.IMRT.IN,,,,,,,,,,,,,,,,,,,79.4,76.9,74.5,72.1,70,68,66.2,64.5,63.2,62.1,61.1,60.4,59.7,59.2,58.7,58.2,57.8,57.3,56.8,56.3,55.7,54.8,53.8,52.8,51.7,50.6,49.4,48.1,46.9,45.4,44,43,41.6,40.3,38.9,37.7,36.9,35.8,34.3,33.4,32.2,31.1,
United Kingdom,GBR,"Mortality rate, infant (per 1,000 live births)",SP.DYN.IMRT.IN,22.9,22.5,22,21.4,20.8,20.1,19.6,19.1,18.7,18.4,18,17.6,17.2,16.6,16,15.4,14.7,14.1,13.4,12.7,12.1,11.4,10.8,10.4,10,9.7,9.4,9.2,8.8,8.4,7.9,7.4,6.9,6.6,6.3,6.1,6,5.9,5.8,5.7,5.6,5.5,5.4,5.3,5.2,5.1,5,4.9,4.8,4.6,4.4,4.3,4.1,4,3.9,3.8,3.8,3.8,3.7,3.7,
Georgia,GEO,"Mortality rate, infant (per 1,000 live births)",SP.DYN.IMRT.IN,,,,,,,,,,,,,,,,58.3,56.4,54.6,52.9,51.2,49.5,47.9,46.3,45,43.9,42.9,42.2,41.7,41.4,41.1,40.9,40.6,40.3,40,39.5,38.8,37.9,36.8,35.4,33.8,31.9,29.9,27.7,25.5,23.2,21,18.9,17.1,15.4,13.9,12.7,11.6,10.8,10.2,9.7,9.4,9.1,8.9,8.7,8.5,
Ghana,GHA,"Mortality rate, infant (per 1,000 live births)",SP.DYN.IMRT.IN,123.9,122.8,121.9,121.2,120.8,120.6,120.6,120.7,120.7,120.7,120.3,119.5,118.3,116.6,114.4,111.8,109,106.3,104.2,102.5,101.3,100.4,99.7,98.6,97,94.8,92.1,89,85.7,82.6,79.7,77.4,75.6,74.3,73.3,72.4,71.3,70,68.3,66.3,64.1,61.9,59.7,57.8,56.2,54.8,53.5,52.1,50.5,48.8,47,45.2,43.4,41.8,40.2,38.8,37.4,36.1,35,33.9,
Gibraltar,GIB,"Mortality rate, infant (per 1,000 live births)",SP.DYN.IMRT.IN,,,,,,,,,,,,,,,,,,,,,,,,,,,,,,,,,,,,,,,,,,,,,,,,,,,,,,,,,,,,,
Guinea,GIN,"Mortality rate, infant (per 1,000 live births)",SP.DYN.IMRT.IN,206.6,205.1,203.6,201.9,200.2,198.4,196.7,194.8,192.9,191,189.1,187.1,185.1,182.9,180.7,178.3,175.8,173.2,170.4,167.5,164.7,161.8,158.9,156.2,153.4,150.7,148.1,145.5,142.7,139.8,136.6,133.2,129.6,125.9,122.2,118.4,114.6,111,107.2,103.6,99.9,96.3,92.9,89.6,86.7,84,81.7,79.6,77.7,76.1,74.6,73.3,72,70.8,69.8,68.7,67.4,66.3,65.1,63.8,
"Gambia, The",GMB,"Mortality rate, infant (per 1,000 live births)",SP.DYN.IMRT.IN,152.5,149.9,147.5,145.2,142.8,140.4,138.1,135.8,133.6,131.2,128.9,126.5,124.1,121.7,119.2,116.8,114.4,112,109.7,107.4,105.1,102.8,100.4,98,95.5,93.1,90.6,88.3,85.9,83.7,81.6,79.5,77.4,75.3,73.2,71.1,69,67,65,63.1,61.3,59.5,57.7,56,54.3,52.6,51.1,49.5,48.1,46.8,45.5,44.2,43.1,41.9,40.8,39.8,38.8,37.8,36.8,35.9,
Guinea-Bissau,GNB,"Mortality rate, infant (per 1,000 live births)",SP.DYN.IMRT.IN,,,,,,,,,,,,,,,,,,,,,,,,,,143.1,140.5,137.9,135.5,133.1,130.7,128.4,125.9,123.4,120.8,118.2,115.5,112.9,110.1,107.4,104.6,101.7,98.7,95.4,92,88.7,85.3,81.9,78.5,75.2,71.9,68.8,66,63.5,61.2,59.2,57.3,55.6,54,52.3,
Equatorial Guinea,GNQ,"Mortality rate, infant (per 1,000 live births)",SP.DYN.IMRT.IN,,,,,,,,,,,,,,,,,,,,,,,133.2,130.7,128.3,126.3,124.6,123.3,122.2,121.3,120.4,119.7,118.9,118.1,117.4,116.5,115.4,114,112.1,110,107.4,104.8,102.1,99.4,96.5,93.7,90.8,87.8,84.9,82,79.4,77,74.7,72.4,70.3,68.1,66.1,64.1,62.2,60.4,
Greece,GRC,"Mortality rate, infant (per 1,000 live births)",SP.DYN.IMRT.IN,39.5,39,38,36.5,35,34.1,33.4,32.4,30.9,29,27,25.2,24.1,23.8,23.7,23,21.9,20.6,19.5,18.3,17,15.8,14.8,14.1,13.5,12.8,12,11.1,10.4,9.7,9.1,8.6,8.2,8,7.7,7.4,7.1,6.8,6.4,6,5.6,5.2,4.9,4.6,4.3,4,3.8,3.6,3.5,3.5,3.4,3.5,3.5,3.7,3.8,3.9,3.9,3.7,3.5,3.3,
Grenada,GRD,"Mortality rate, infant (per 1,000 live births)",SP.DYN.IMRT.IN,67.1,62.3,57.5,53.2,49.5,46.6,44.5,42.9,41.7,40.8,39.9,39,38.1,37.1,36.1,35,33.9,32.7,31.4,30.1,28.8,27.4,26.2,24.9,23.7,22.6,21.5,20.5,19.6,18.7,17.9,17.1,16.3,15.6,15,14.4,14,13.6,13.4,13.1,12.9,12.8,12.7,12.5,12.5,12.5,12.5,12.6,12.7,12.8,13,13.3,13.5,13.8,14,14.2,14.5,14.7,14.7,14.7,
Greenland,GRL,"Mortality rate, infant (per 1,000 live births)",SP.DYN.IMRT.IN,,,,,,,,,,,,,,,,,,,,,,,,,,,,,,,,,,,,,,,,,,,,,,,,,,,,,,,,,,,,,
Guatemala,GTM,"Mortality rate, infant (per 1,000 live births)",SP.DYN.IMRT.IN,147.6,144.2,141.1,137.9,134.8,131.7,128.5,125.3,122.2,119.1,116,112.9,109.8,106.7,103.6,100.6,97.5,94.5,91.5,88.6,85.7,82.9,80.1,77.3,74.6,71.8,69.1,66.6,64.1,61.6,59.3,57.1,54.9,52.9,50.9,49,47.2,45.5,43.9,42.3,40.8,39.4,38,36.7,35.5,34.2,33.1,31.9,30.7,29.6,28.5,27.5,26.5,25.5,24.6,23.7,22.9,22.1,21.4,20.7,
Guam,GUM,"Mortality rate, infant (per 1,000 live births)",SP.DYN.IMRT.IN,,,,,,,,,,,,,,,,,,,,,,,,,,,,,,,,,,,,,,,,,,,,,,,,,,,,,,,,,,,,,
Guyana,GUY,"Mortality rate, infant (per 1,000 live births)",SP.DYN.IMRT.IN,67,64.5,62.4,60.6,59.2,58,57.1,56.4,55.9,55.5,55.2,55,54.9,54.8,54.7,54.5,54.2,53.9,53.6,53.2,52.8,52.4,52,51.5,51,50.4,49.8,49.1,48.3,47.4,46.4,45.3,44.2,43.2,42.1,41.2,40.3,39.4,38.6,37.7,36.9,36.1,35.4,34.7,34,33.4,32.7,32.2,31.6,31,30.5,29.9,29.3,28.8,28.1,27.4,26.7,25.9,25.2,24.4,
High income,HIC,"Mortality rate, infant (per 1,000 live births)",SP.DYN.IMRT.IN,,,,,,,,,,,,,,,,,,,,,,,,,,,,,,,10.7,10.2,9.7,9.2,8.8,8.4,8,7.6,7.3,7.1,6.8,6.6,6.4,6.3,6.1,6,5.8,5.6,5.5,5.3,5.1,5,4.9,4.8,4.7,4.6,4.5,4.4,4.4,4.3,
"Hong Kong SAR, China",HKG,"Mortality rate, infant (per 1,000 live births)",SP.DYN.IMRT.IN,,,,,,,,,,,,,,,,,,,,,,,,,,,,,,,,,,,,,,,,,,,,,,,,,,,,,,,,,,,,,
Honduras,HND,"Mortality rate, infant (per 1,000 live births)",SP.DYN.IMRT.IN,139.5,135.1,131,126.9,122.9,119.1,115.4,111.7,108.1,104.5,100.9,97.4,94,90.6,87.2,83.9,80.7,77.6,74.5,71.5,68.6,65.8,63.1,60.4,57.9,55.5,53.2,51,48.9,46.9,45,43.2,41.5,39.9,38.3,36.9,35.5,34.1,36.2,31.5,30.3,29,27.8,26.6,25.5,24.4,23.4,22.4,21.5,20.6,19.8,19.1,18.3,17.7,17.1,16.5,15.9,15.4,14.9,14.5,
Heavily indebted poor countries (HIPC),HPC,"Mortality rate, infant (per 1,000 live births)",SP.DYN.IMRT.IN,,,,,,,,,,,,,,,,,,,,,,,,,,,,,,,108.3468161,106.7023505,105.0993715,103.4568201,101.9032106,100.0126657,97.97135486,95.91953524,93.72332605,91.14262463,88.41694087,85.48138826,82.45840858,79.44508342,76.47764834,73.68282759,71.0959024,68.57180108,66.23088859,64.04220789,62.29453699,59.95631706,57.98103748,56.18042186,54.48746583,52.90508911,51.32262059,49.76651879,48.34122308,47.00453562,
Croatia,HRV,"Mortality rate, infant (per 1,000 live births)",SP.DYN.IMRT.IN,,,,,,,,,,,,,,,,,,,,,,20.7,19.4,18.2,17,15.9,14.8,13.8,12.8,11.9,11.1,10.5,9.9,9.4,9,8.6,8.3,8,7.7,7.5,7.2,6.9,6.6,6.3,6.1,5.8,5.5,5.3,5,4.8,4.7,4.5,4.4,4.3,4.2,4.2,4.2,4.1,4.1,4.1,
Haiti,HTI,"Mortality rate, infant (per 1,000 live births)",SP.DYN.IMRT.IN,190.6,187.7,184.7,181.9,179,176.2,173.3,170.2,167.1,163.9,160.7,157.4,154.1,150.6,147.2,143.8,140.4,137.1,133.9,130.7,127.6,124.5,121.5,118.6,115.7,113,110.4,107.8,105.2,102.7,100.2,97.6,95,92.5,89.8,87.1,84.4,81.7,79.2,76.7,74.3,72.2,70.2,68.4,66.8,65.3,63.9,62.6,61.4,60.2,85.4,57.8,56.6,55.5,54.3,53.2,51.9,50.7,49.4,48.2,
Hungary,HUN,"Mortality rate, infant (per 1,000 live births)",SP.DYN.IMRT.IN,47.7,45.7,44,42.4,41.1,39.9,38.8,37.8,36.9,36,35.1,34.4,34.4,35,34.7,32.5,29.2,26.3,24.4,22.9,21.5,20.3,19.7,19.7,19.9,19.4,18.5,17.5,16.5,15.7,15.2,14.7,13.9,12.7,11.6,10.8,10.3,9.9,9.6,9.2,8.7,8.1,7.6,7.1,6.7,6.4,6.1,5.8,5.5,5.2,5.1,4.9,4.8,4.7,4.5,4.3,4,3.6,3.3,3,
IBRD only,IBD,"Mortality rate, infant (per 1,000 live births)",SP.DYN.IMRT.IN,,,,,,,,,,,,,,,,,,,,,,,,,,,,,,,57.4189996,56.35109272,55.29559523,54.11927409,52.87397306,51.52419749,50.08933861,48.59930033,47.02984703,45.43727502,43.77719919,42.09454519,40.40059585,38.72302312,37.16323467,35.42763266,33.86693958,32.26304462,30.64657096,29.13041725,27.623621,26.23568955,24.91376259,23.69489361,22.56759234,21.493671,20.60237737,19.68060763,18.81839126,18.08733024,
IDA & IBRD total,IBT,"Mortality rate, infant (per 1,000 live births)",SP.DYN.IMRT.IN,,,,,,,,,,,,,,,,,,,,,,,,,,,,,,,70.22405171,69.35650127,68.52470505,67.57273871,66.54361823,65.33821221,63.98202214,62.53426589,60.95990646,59.27664245,57.49934618,55.64583403,53.76076183,51.8905518,50.10632579,48.23605704,46.53682254,44.83922739,43.21365996,41.63558677,40.21484719,38.77475207,37.4687855,36.26926121,35.16861418,34.11742898,33.1824164,32.22605819,31.3101017,30.51007612,
IDA total,IDA,"Mortality rate, infant (per 1,000 live births)",SP.DYN.IMRT.IN,,,,,,,,,,,,,,,,,,,,,,,,,,,,,,,103.1127087,101.583212,100.1072691,98.55025172,96.97873823,95.18500448,93.22184718,91.18415038,88.99021004,86.57914353,84.08365403,81.46720677,78.83452185,76.25902141,73.74654684,71.33729816,69.10828614,66.97152104,65.05930288,63.10143422,61.54936263,59.73816519,58.1733419,56.7185058,55.37109378,54.0606001,52.75348326,51.43211405,50.11618212,48.89099492,
IDA blend,IDB,"Mortality rate, infant (per 1,000 live births)",SP.DYN.IMRT.IN,,,,,,,,,,,,,,,,,,,,,,,,,,,,,,,102.4788597,101.8599302,101.2784871,100.5269789,99.58976032,98.44754759,97.00797625,95.33900155,93.41723411,91.33415381,89.21486963,87.00382889,84.84737306,82.72241633,80.66034927,78.60424211,76.70804369,74.95248311,73.20973734,71.69048051,70.24463966,68.90420131,67.63178897,66.34624369,65.18878361,63.94359663,62.75205654,61.48493479,60.0507501,58.74803322,
Indonesia,IDN,"Mortality rate, infant (per 1,000 live births)",SP.DYN.IMRT.IN,148.9,145.2,141.7,138.2,134.8,131.2,127.6,123.9,120.3,116.8,113.3,110,106.7,103.6,100.5,97.6,94.9,92.2,89.8,87.4,85,82.7,80.4,78.1,75.8,73.5,71.2,68.9,66.6,64.2,61.8,59.4,57,54.7,52.6,50.4,48.4,46.4,44.5,42.7,41,39.4,37.8,36.4,36.2,33.6,32.4,31.2,30.1,29,28,27,26,25.1,24.2,23.3,22.5,21.7,20.9,20.2,
IDA only,IDX,"Mortality rate, infant (per 1,000 live births)",SP.DYN.IMRT.IN,,,,,,,,,,,,,,,,,,,,,,,,,,,,,,,103.4306947,101.4442783,99.51937185,97.55899744,95.67134948,93.5542854,91.33299067,89.11506582,86.78886991,84.21701872,81.53529701,78.71585933,75.84225665,73.03548838,70.28831151,67.68915897,65.27642589,62.92779832,60.90844362,58.70460891,57.07626727,55.00193508,53.26742305,51.70975653,50.25291096,48.90324659,47.53672291,46.19335384,44.94956643,43.77848758,
Isle of Man,IMN,"Mortality rate, infant (per 1,000 live births)",SP.DYN.IMRT.IN,,,,,,,,,,,,,,,,,,,,,,,,,,,,,,,,,,,,,,,,,,,,,,,,,,,,,,,,,,,,,
India,IND,"Mortality rate, infant (per 1,000 live births)",SP.DYN.IMRT.IN,161,158.8,156.6,154.6,152.6,150.9,149.2,147.6,146,144.3,142.6,140.6,138.6,136.3,133.8,131,127.9,124.6,121.1,117.8,114.5,111.4,108.5,105.8,103.2,100.8,98.4,95.9,93.4,90.9,88.6,86.4,84.3,82.2,80.1,78,75.8,73.6,71.3,69,66.7,64.4,62.2,60,57.8,55.7,53.7,51.6,49.4,47.3,45.1,43,40.9,38.8,36.9,34.9,33.1,31.4,29.7,28.3,
Not classified,INX,"Mortality rate, infant (per 1,000 live births)",SP.DYN.IMRT.IN,,,,,,,,,,,,,,,,,,,,,,,,,,,,,,,,,,,,,,,,,,,,,,,,,,,,,,,,,,,,,
Ireland,IRL,"Mortality rate, infant (per 1,000 live births)",SP.DYN.IMRT.IN,30.4,29.2,28.1,27.1,26,24.7,23.4,22,20.7,19.7,19,18.6,18.3,17.9,17.5,16.9,16.1,15.2,14.2,13,12,11,10.3,9.7,9.3,8.9,8.6,8.4,8.3,8,7.6,7.2,6.8,6.4,6.2,6.1,6.1,6.1,6.1,6.1,6,5.8,5.4,5.1,4.7,4.4,4.1,3.9,3.8,3.6,3.5,3.5,3.4,3.3,3.3,3.2,3.1,3,2.9,2.8,
"Iran, Islamic Rep.",IRN,"Mortality rate, infant (per 1,000 live births)",SP.DYN.IMRT.IN,,,,,,,,,,,,124.7,119.4,114.4,109.3,104.1,98.7,93.2,87.4,81.8,76.3,71.3,66.8,62.8,59.2,56.1,53.3,50.7,48.2,45.9,43.7,41.7,40,38.4,36.9,35.5,34.1,32.7,31.2,29.7,28.3,26.8,25.5,24.2,23,21.8,20.7,19.6,18.6,17.7,16.9,16.1,15.5,14.9,14.3,13.8,13.3,12.9,12.4,12,
Iraq,IRQ,"Mortality rate, infant (per 1,000 live births)",SP.DYN.IMRT.IN,129.4,122.5,116.3,110.7,105.4,100.5,96,91.7,87.7,83.9,80.5,77.2,74.1,71.1,68.2,65.5,62.9,60.5,58.2,56.2,54.3,52.6,51,49.5,48.1,46.8,45.6,44.5,43.6,42.7,41.9,41.1,40.5,39.8,39.1,38.5,37.9,37.2,36.6,35.9,35.3,34.6,34,33.4,32.8,32.2,31.5,30.8,30.1,29.3,28.5,27.7,26.9,26.1,25.4,24.6,23.9,23.2,22.5,21.8,
Iceland,ISL,"Mortality rate, infant (per 1,000 live births)",SP.DYN.IMRT.IN,17.3,17,16.7,16.3,15.9,15.4,14.9,14.4,13.8,13.3,12.8,12.3,11.8,11.3,10.8,10.3,9.7,9.2,8.7,8.2,7.7,7.3,6.9,6.6,6.3,6.1,5.9,5.7,5.5,5.3,5.2,5,4.8,4.6,4.4,4.2,4,3.8,3.6,3.4,3.2,3,2.9,2.7,2.6,2.5,2.4,2.3,2.2,2.1,2.1,2,1.9,1.9,1.8,1.8,1.7,1.7,1.6,1.6,
Israel,ISR,"Mortality rate, infant (per 1,000 live births)",SP.DYN.IMRT.IN,34.5,32.7,31,29.5,28.2,27.1,26.3,25.7,25.2,24.8,24.4,24.1,23.7,23.3,22.6,21.7,20.3,18.8,17.4,16.3,15.4,14.7,14.1,13.5,12.9,12.2,11.5,11,10.5,10.1,9.7,9.2,8.7,8.2,7.6,7.1,6.7,6.3,6.1,5.8,5.6,5.4,5.2,4.9,4.7,4.5,4.3,4.1,3.9,3.8,3.7,3.5,3.4,3.3,3.2,3.2,3.1,3.1,3,3,
Italy,ITA,"Mortality rate, infant (per 1,000 live births)",SP.DYN.IMRT.IN,44.1,42.6,40.9,39.1,37.4,35.8,34.4,33.1,32,30.9,29.6,28.1,26.4,24.5,22.5,20.5,18.8,17.3,16.1,15.1,14.2,13.4,12.6,11.9,11.2,10.5,9.9,9.5,9,8.7,8.4,8,7.7,7.3,6.8,6.4,6,5.6,5.3,5,4.7,4.5,4.3,4.1,3.9,3.8,3.7,3.6,3.5,3.4,3.4,3.3,3.2,3.1,3,3,2.9,2.8,2.8,2.7,
Jamaica,JAM,"Mortality rate, infant (per 1,000 live births)",SP.DYN.IMRT.IN,61.1,58.8,56.8,54.9,53.2,51.6,50.1,48.7,47.2,45.8,44.4,42.9,41.5,40.2,38.9,37.8,36.7,35.7,34.7,33.8,32.9,32.1,31.2,30.4,29.6,28.9,28.2,27.4,26.7,26,25.3,24.5,23.8,23.1,22.5,21.8,21.1,20.5,19.9,19.3,18.7,18.3,17.8,17.5,17.2,17,16.7,16.5,16.2,15.9,15.5,15.1,14.7,14.3,13.9,13.4,13.1,12.7,12.3,11.9,
Jordan,JOR,"Mortality rate, infant (per 1,000 live births)",SP.DYN.IMRT.IN,107,101.4,96.2,91.2,86.6,82.4,78.4,74.8,71.4,68.2,65.3,62.5,59.8,57.4,55,52.8,50.7,48.7,46.7,44.8,43,41.3,39.7,38.1,36.6,35.2,33.9,32.6,31.5,30.5,29.5,28.7,27.8,27.1,26.3,25.7,25,24.4,23.8,23.2,22.6,22,21.5,20.9,20.4,19.8,19.3,18.8,18.2,17.8,17.3,16.8,16.4,16,15.5,15.1,14.7,14.2,13.8,13.4,
Japan,JPN,"Mortality rate, infant (per 1,000 live births)",SP.DYN.IMRT.IN,30.4,27.9,25.5,23.1,21,19.1,17.6,16.3,15.1,14.2,13.4,12.6,11.9,11.2,10.6,10,9.4,8.8,8.3,7.8,7.4,7,6.5,6.2,5.8,5.5,5.2,5,4.8,4.7,4.6,4.5,4.4,4.4,4.2,4.1,3.9,3.8,3.6,3.4,3.3,3.1,3,2.9,2.8,2.8,2.7,2.6,2.5,2.4,2.3,2.3,2.2,2.1,2.1,2,2,1.9,1.8,1.8,
Kazakhstan,KAZ,"Mortality rate, infant (per 1,000 live births)",SP.DYN.IMRT.IN,,,,,,,,,,,,68.5,67,65.6,64.3,63.2,62.3,61.4,60.5,59.4,58.1,56.6,54.9,53.2,51.5,50,48.4,46.9,45.7,44.6,44.1,43.9,44.1,44.6,44.9,44.8,44,42.4,40.5,38.5,36.4,34.4,32.5,30.7,29,27.3,25.6,23.8,21.9,20,18.2,16.4,14.6,13,11.6,10.5,9.8,9.3,9.2,9.3,
Kenya,KEN,"Mortality rate, infant (per 1,000 live births)",SP.DYN.IMRT.IN,118.1,113.7,109.8,106.5,103.8,101.6,99.8,98,96.3,94.5,92.6,90.8,88.8,86.7,84.5,82.2,79.8,77.4,75,72.7,70.5,68.5,66.7,65.1,63.8,62.9,62.4,62.4,62.8,63.7,64.8,66.1,67.2,67.9,68,67.6,66.5,65.1,63.5,61.7,59.7,57.6,55.4,53.1,50.7,48.1,45.8,43.8,41.4,40.3,39.4,38.6,38.2,37.5,36.5,35.3,34.5,33.9,32.8,31.9,
Kyrgyz Republic,KGZ,"Mortality rate, infant (per 1,000 live births)",SP.DYN.IMRT.IN,,,,,,,,,,,,,,,,88.5,86.7,85,83,81,78.9,76.4,73.7,70.8,67.8,64.7,61.8,59,56.7,55,54,53.8,54,54,53.3,52.1,50.4,48.4,46.3,44.4,42.4,40.6,38.8,37.2,35.6,34.1,32.7,31.2,29.6,27.8,26.1,24.5,23.2,22,20.9,19.9,18.9,18,17.1,16.4,
Cambodia,KHM,"Mortality rate, infant (per 1,000 live births)",SP.DYN.IMRT.IN,,,,,,,,,,,,,,,,177,165.8,154.6,142.3,129.2,116.6,105.6,97,91.6,88.4,86.7,85.6,85.1,84.8,84.7,84.7,84.7,84.8,85.3,85.8,86.4,86.8,86.6,85.6,83.3,79.2,73.5,67.3,61.7,57,52.9,49.5,46.4,43.3,40.3,37.4,34.7,32.3,30.3,28.6,27.2,25.9,24.8,23.7,22.8,
Kiribati,KIR,"Mortality rate, infant (per 1,000 live births)",SP.DYN.IMRT.IN,,,,121.8,117.5,113.3,109.5,105.8,102.6,99.5,96.7,94.2,92.1,90.3,89,87.9,87.1,86.5,86.1,85.8,85.4,85,84.4,83.5,82.5,81,79,76.8,74.3,71.6,69.1,66.7,64.7,63,61.5,60.2,58.8,57.5,56.2,54.8,53.5,52.3,51.3,50.6,50.3,50.2,50.2,50.3,50.3,49.9,49.3,48.5,47.6,46.7,45.6,44.6,43.5,42.3,41.3,40.1,
St. Kitts and Nevis,KNA,"Mortality rate, infant (per 1,000 live births)",SP.DYN.IMRT.IN,,,,,,,,,,,,,56.7,54.5,52.5,50.6,48.9,47.2,45.5,43.7,41.7,39.6,37.4,35.1,33.1,31.2,29.6,28.2,27.1,26.1,25.4,24.8,24.4,24,23.7,23.3,22.8,22.2,21.5,20.7,19.8,18.9,18,17.2,16.5,16,15.5,15.2,14.9,14.7,14.6,14.6,14.5,14.5,14.3,14.1,13.9,13.5,13.2,12.9,
"Korea, Rep.",KOR,"Mortality rate, infant (per 1,000 live births)",SP.DYN.IMRT.IN,79.7,76.2,73,69.9,66.9,63.7,60.4,57,53.6,50.3,47.1,44.3,41.8,39.8,38,36.5,35.1,33.8,32.4,31,29.4,27.6,25.9,24.1,22.3,20.5,18.8,17.2,15.7,14.4,13.2,12.2,11.2,10.4,9.6,8.9,8.3,7.7,7.2,6.8,6.4,6.1,5.8,5.5,5.1,4.8,4.4,4.1,3.9,3.7,3.5,3.4,3.3,3.2,3.1,3,2.9,2.8,2.8,2.7,
Kuwait,KWT,"Mortality rate, infant (per 1,000 live births)",SP.DYN.IMRT.IN,98.1,92.1,86.5,81.1,76,71.1,66.7,62.6,59,55.8,52.9,50.1,47.5,45,42.6,40.3,38.1,35.9,33.7,31.6,29.5,27.3,25,22.8,21,19.5,18.4,17.5,16.7,15.9,15,14.8,13.6,13.1,12.7,12.3,12,11.6,11.2,10.9,10.6,10.4,10.3,10.1,10,9.8,9.7,9.5,9.4,9.2,8.9,8.6,8.3,7.9,7.7,7.5,7.3,7.1,6.9,6.8,
Latin America & Caribbean (excluding high income),LAC,"Mortality rate, infant (per 1,000 live births)",SP.DYN.IMRT.IN,,,,,,,,,,,,,,,,,,,,,,,,,,,,,,,45.18228761,43.46756711,41.72496993,39.95694447,38.13505473,36.36007315,34.62589622,32.98061302,31.50244604,29.91787672,28.47568798,27.1619733,25.90569499,24.68349471,23.61225263,22.57384208,21.6039363,20.72177478,19.93641344,19.18204815,19.23208259,17.83849147,17.20232311,16.64062414,16.11967298,15.56430152,15.38267691,14.59267958,14.13876046,13.69063562,
Lao PDR,LAO,"Mortality rate, infant (per 1,000 live births)",SP.DYN.IMRT.IN,,,,,,,,,,,,,,,,,,,145,141.3,137.7,134.1,130.7,127.3,124.1,120.9,117.8,114.7,111.7,108.5,105.4,102.1,99,95.8,92.7,89.7,86.8,84,81.3,78.7,76,73.5,70.8,68.3,65.7,63.2,60.7,58.3,56,53.7,51.6,49.5,47.5,45.6,43.8,42,40.4,38.9,37.6,36.4,
Lebanon,LBN,"Mortality rate, infant (per 1,000 live births)",SP.DYN.IMRT.IN,56.5,55.2,53.9,52.7,51.6,50.6,49.8,49,48.3,47.7,47.1,46.6,46.1,45.5,44.9,44.2,43.4,42.6,41.6,40.5,39.4,38.2,37,35.7,34.3,32.9,31.6,30.3,29.1,27.8,26.6,25.5,24.4,23.4,22.4,21.4,20.5,19.6,18.7,17.8,16.9,15.9,15,14,13.1,12.1,11.2,10.5,9.8,9.3,8.8,8.4,8,7.7,7.4,7.1,6.8,6.6,6.4,6.2,
Liberia,LBR,"Mortality rate, infant (per 1,000 live births)",SP.DYN.IMRT.IN,207.8,208,207.9,207,205.7,204,201.9,199.3,196.3,193,189.7,186.4,183.3,180.4,177.4,174.2,171.5,169,166.5,164.1,161.9,160,158.5,157.6,157.6,158.9,161.2,164.5,168.5,172.2,175.2,176.5,175.9,173.5,169.4,164,157.5,150.3,142.9,135.1,126.9,118.8,111.1,103.6,96.6,90.4,85.2,80.9,77.4,74.7,72.5,70.7,69.2,68,67.4,66.1,65.2,64.3,63.3,62.2,
Libya,LBY,"Mortality rate, infant (per 1,000 live births)",SP.DYN.IMRT.IN,163,154.7,146.8,139.3,132,125.1,118.5,112,106,100.4,95.1,89.9,85.2,80.6,76.2,72.2,68.6,65.2,62.2,59.4,56.8,54.4,52,49.7,47.6,45.5,43.4,41.3,39.3,37.4,35.6,33.8,32.3,30.8,29.6,28.4,27.4,26.4,25.6,24.9,24.1,23.4,22.7,21.9,20.9,19.8,18.6,17.3,16.1,15.1,14.2,13.9,12.9,12.4,11.8,11.4,11,10.6,10.2,9.9,
St. Lucia,LCA,"Mortality rate, infant (per 1,000 live births)",SP.DYN.IMRT.IN,110.6,106,100.6,94.7,88.5,82.2,76,70,64.2,58.8,53.8,49.2,45.1,41.4,38.2,35.2,32.7,30.4,28.5,26.8,25.3,24,22.9,21.9,21.1,20.4,19.7,19.1,18.6,18.1,17.7,17.4,17,16.7,16.5,16.3,16.1,15.9,15.8,15.7,15.6,15.6,15.7,15.7,15.8,16,16.1,16.3,16.5,16.8,17,17.3,17.6,17.9,18.2,18.6,19,19.3,19.7,20,
Latin America & Caribbean,LCN,"Mortality rate, infant (per 1,000 live births)",SP.DYN.IMRT.IN,,,,,,,,,,,,,,,,,,,,,,,,,,,,,,,43.3,41.7,40,38.3,36.6,34.9,33.3,31.8,30.3,28.9,27.5,26.2,25,23.9,22.8,21.8,20.9,20.1,19.3,18.6,18.6,17.4,16.8,16.3,15.8,15.4,15.4,14.7,14.3,13.9,
Least developed countries: UN classification,LDC,"Mortality rate, infant (per 1,000 live births)",SP.DYN.IMRT.IN,,,,,,,,,,,,,,,,,,,,,,,,,,,,,,,107.9663973,105.8862502,103.8574897,101.7977199,99.83096214,97.63635679,95.34083321,93.05023307,90.61270496,87.98247748,85.1936114,82.25965461,79.26319418,76.31715171,73.41231042,70.65917032,68.0714495,65.54401157,63.35398754,60.96464444,59.17878069,56.90002638,54.98898857,53.27738602,51.6884245,50.22506021,48.75780275,47.32907897,46.02467449,44.80706213,
Low income,LIC,"Mortality rate, infant (per 1,000 live births)",SP.DYN.IMRT.IN,,,,,,,,,,,,,,,,,,,,,,,,,,,,,,,109.5,107.8,106.2,104.5,102.9,100.9,98.7,96.5,94.1,91.4,88.6,85.6,82.6,79.6,76.6,73.8,71.2,68.7,66.3,64.1,62.5,60.1,58.2,56.5,54.9,53.5,51.9,50.5,49.2,47.9,
Liechtenstein,LIE,"Mortality rate, infant (per 1,000 live births)",SP.DYN.IMRT.IN,,,,,,,,,,,,,,,,,,,,,,,,,,,,,,,,,,,,,,,,,,,,,,,,,,,,,,,,,,,,,
Sri Lanka,LKA,"Mortality rate, infant (per 1,000 live births)",SP.DYN.IMRT.IN,68.1,65.5,63.6,62.3,61,59.7,58.1,56.3,54.9,53.8,53,52.4,51.9,51.2,50.3,49,47.1,44.7,42.1,39.4,36.8,34.6,32.5,30.2,27.7,25.1,22.7,20.8,19.5,18.9,18.7,18.6,18.4,18.1,17.7,17.1,16.5,15.9,15.3,14.8,14.2,13.8,13.4,13,15.4,12.2,11.7,11.1,10.6,10.3,10,9.6,9.1,8.6,8,7.5,7,6.7,6.4,6.1,
Lower middle income,LMC,"Mortality rate, infant (per 1,000 live births)",SP.DYN.IMRT.IN,,,,,,,,,,,,,,,,,,,,,,,,,,,,,,,85.5,83.8,82.2,80.7,79.1,77.5,75.7,73.9,72,70,67.9,65.8,63.7,61.6,59.6,57.6,55.7,53.9,52.2,50.4,48.7,47.1,45.5,44.1,42.7,41.4,40.2,38.9,37.7,36.6,
Low & middle income,LMY,"Mortality rate, infant (per 1,000 live births)",SP.DYN.IMRT.IN,,,,,,,,,,,,,,,,,,,,,,,,,,,,,,,70.63760055,69.77787956,68.956354,68.01241878,66.988651,65.7840332,64.4223489,62.96241399,61.3686398,59.65533207,57.85465854,55.97337397,54.06353649,52.17483837,50.37819922,48.50025346,46.79576799,45.09176957,43.45831863,41.86912793,40.43560195,38.98038347,37.65826851,36.44389168,35.32957858,34.26273601,33.29804356,32.33297714,31.40873314,30.601159,
Lesotho,LSO,"Mortality rate, infant (per 1,000 live births)",SP.DYN.IMRT.IN,139.8,139.3,139.5,140,140.6,140.9,140.8,140,138.5,136.4,133.8,131.1,128.3,125.2,121.7,117.9,113.6,109.2,104.6,99.9,95.4,91,86.8,83,79.7,76.8,74.3,72.2,70.5,69.2,68.3,68,68.1,68.6,69.5,70.4,70.9,72,73,74.1,75.3,76.4,76.5,76.8,76.8,76.9,77.5,76.2,78.4,75.5,73.7,71.7,72.2,72.1,71.6,71.9,72.3,71.7,69.1,68.1,
Late-demographic dividend,LTE,"Mortality rate, infant (per 1,000 live births)",SP.DYN.IMRT.IN,,,,,,,,,,,,,,,,,,,,,,,,,,,,,,,39.74094413,39.07969086,38.31314449,37.27660505,36.16154894,34.90983894,33.63069864,32.27883184,30.84635841,29.33585941,27.70769983,26.03559143,24.27407817,22.60545845,21.08799155,19.52869298,18.21664784,17.00416624,15.88894823,14.97561346,14.08791183,13.27139738,12.46585602,11.79681224,11.07495481,10.46929618,9.983457129,9.369198863,8.870932594,8.430841287,
Lithuania,LTU,"Mortality rate, infant (per 1,000 live births)",SP.DYN.IMRT.IN,,,,,,,,21.5,20.9,19.4,17.9,17,16.7,16.9,17.3,17.7,17.8,17.6,17.2,16.6,16,15.5,15.1,14.8,14.3,13.7,12.8,11.9,11.4,11.3,11.9,13,14.2,14.5,13.4,11.9,10.7,9.8,9.3,8.9,8.6,8.2,7.9,7.6,7.5,7.3,6.9,6.5,5.9,5.4,4.9,4.5,4.2,4.1,4,4,3.9,3.6,3.3,3,
Luxembourg,LUX,"Mortality rate, infant (per 1,000 live births)",SP.DYN.IMRT.IN,32,30.3,28.7,27.1,25.7,24.4,23.2,22.1,21,19.9,18.9,17.8,16.8,15.8,14.9,14.1,13.3,12.7,12.1,11.6,11.2,10.8,10.5,10.1,9.7,9.3,8.9,8.5,8.1,7.7,7.2,6.8,6.4,5.9,5.6,5.2,4.9,4.6,4.3,4.1,3.9,3.7,3.5,3.3,3.1,3,2.8,2.7,2.6,2.5,2.5,2.4,2.4,2.4,2.4,2.4,2.4,2.3,2.3,2.2,
Latvia,LVA,"Mortality rate, infant (per 1,000 live births)",SP.DYN.IMRT.IN,,,,,,,,,,,,,,,,,,,,15.3,15.3,15.3,15.1,14.7,14.1,13.2,12.4,11.8,11.7,12.2,13.2,14.3,15.1,15.7,15.8,15.7,15.2,14.3,13.4,12.4,11.5,10.8,10.2,9.7,9.2,8.6,8.1,7.7,7.3,7,6.5,6.1,5.6,5.1,4.6,4.2,3.9,3.6,3.3,3.1,
"Macao SAR, China",MAC,"Mortality rate, infant (per 1,000 live births)",SP.DYN.IMRT.IN,,,,,,,,,,,,,,,,,,,,,,,,,,,,,,,,,,,,,,,,,,,,,,,,,,,,,,,,,,,,,
St. Martin (French part),MAF,"Mortality rate, infant (per 1,000 live births)",SP.DYN.IMRT.IN,,,,,,,,,,,,,,,,,,,,,,,,,,,,,,,,,,,,,,,,,,,,,,,,,,,,,,,,,,,,,
Morocco,MAR,"Mortality rate, infant (per 1,000 live births)",SP.DYN.IMRT.IN,144.5,142.1,139.8,137.4,134.9,132.3,129.8,127.2,124.7,122.4,120.2,118.2,116.1,114,111.7,109.2,106.3,103.3,100,96.6,93.3,89.9,86.5,83.2,79.8,76.5,73.4,70.4,67.6,64.9,62.5,60.1,57.9,55.6,53.5,51.3,49.2,47.2,45.3,43.5,41.7,40,38.4,36.8,35.3,33.9,32.4,31.1,29.8,28.5,27.3,26.1,24.9,23.8,22.7,21.7,20.7,19.9,19.1,18.3,
Monaco,MCO,"Mortality rate, infant (per 1,000 live births)",SP.DYN.IMRT.IN,,,,,,,,,,,,,,,,,,,,,,,,,,7.9,7.6,7.2,6.9,6.6,6.3,6,5.8,5.5,5.3,5.1,4.9,4.7,4.5,4.4,4.2,4.1,4,3.8,3.7,3.6,3.6,3.5,3.4,3.3,3.3,3.2,3.1,3,3,2.9,2.8,2.7,2.6,2.5,
Moldova,MDA,"Mortality rate, infant (per 1,000 live births)",SP.DYN.IMRT.IN,,,,,,,,,,,,49.1,47.9,46.8,45.7,44.5,43.3,42.2,41.2,40.2,39.3,38.3,37.1,35.7,34.2,32.6,31.1,29.7,28.6,27.8,27.5,27.7,28.5,29.4,30.4,31.2,31.4,31,29.9,28.2,26.1,23.7,21.5,19.5,18,16.8,16,15.5,15.2,14.9,14.7,14.4,14.2,13.9,13.7,13.4,13.1,12.9,12.6,12.4,
Madagascar,MDG,"Mortality rate, infant (per 1,000 live births)",SP.DYN.IMRT.IN,,,,,,,,,89.9,91,92,93.1,94.3,95.7,97,98.5,99.7,100.9,102,103.2,104.4,105.6,106.8,107.6,107.8,107.3,106.1,104.2,101.8,99.1,96.2,93.4,90.7,88.1,85.6,82.9,80.1,77.1,74.1,71.1,68.2,65.4,62.8,60.3,57.9,55.7,53.6,51.6,49.8,48.1,46.6,45.3,44,42.8,41.7,40.7,39.6,38.5,37.5,36.5,
Maldives,MDV,"Mortality rate, infant (per 1,000 live births)",SP.DYN.IMRT.IN,,,,,,203.8,197.4,191.1,184.9,178.5,171.8,164.9,157.6,149.6,142.1,134.6,127.4,120.7,114.6,108.8,103.4,98.3,93.5,89,84.6,80.5,76.6,72.9,69.4,66.1,63,59.9,57,54,51,47.9,44.7,41.4,38.2,34.9,31.6,28.4,25.4,22.7,20.9,18.2,16.4,15,13.8,12.8,11.9,11.2,10.5,9.9,9.3,8.7,8.1,7.6,7,6.5,
Middle East & North Africa,MEA,"Mortality rate, infant (per 1,000 live births)",SP.DYN.IMRT.IN,,,,,,,,,,,,,,,,,,,,,,,,,,,,,,,49.8,48,46.3,44.6,43,41.4,39.9,38.3,36.8,35.3,33.9,32.5,31.2,29.9,28.7,27.5,26.4,25.4,24.4,23.4,22.6,22,21.4,20.8,20.3,19.9,19.4,18.9,18.5,18.1,
Mexico,MEX,"Mortality rate, infant (per 1,000 live births)",SP.DYN.IMRT.IN,107.1,103.1,99.4,95.9,92.7,89.7,86.8,84.1,81.4,78.8,76.2,73.8,71.3,69,66.8,64.6,62.4,60.2,58.2,56.1,54,52,50,48,46.1,44.4,42.6,40.9,39.3,37.7,36.2,34.7,33.3,31.9,30.6,29.3,28.1,26.9,25.8,24.7,23.6,22.7,21.8,20.9,20.1,19.4,18.7,18.1,17.5,16.9,16.4,15.9,15.3,14.9,14.4,13.9,13.5,13,12.6,12.2,
Marshall Islands,MHL,"Mortality rate, infant (per 1,000 live births)",SP.DYN.IMRT.IN,85.4,81.8,78.5,75.5,72.6,70,67.6,65.3,63.1,60.9,58.9,57.1,55.4,54.1,53.2,52.5,52,51.6,51.1,50.6,49.9,49.2,48.3,47.3,46.3,45.2,44.1,42.9,41.7,40.3,39,37.6,36.3,35.2,34.2,33.6,33.2,33.1,33.1,33.1,33.1,33.1,33,32.8,32.6,32.4,32.2,32,31.8,31.7,31.5,31.3,31,30.5,30,29.3,28.6,27.9,27.2,26.4,
Middle income,MIC,"Mortality rate, infant (per 1,000 live births)",SP.DYN.IMRT.IN,,,,,,,,,,,,,,,,,,,,,,,,,,,,,,,65.91859113,64.98485173,64.08617715,63.0625829,61.94439649,60.69191191,59.30529319,57.8218752,56.22457968,54.5481913,52.80672539,51.01234067,49.20318846,47.42731023,45.76066906,43.9713411,42.36620971,40.75835688,39.20185597,37.67195559,36.29260801,34.89493601,33.63741027,32.46781334,31.39782062,30.35951841,29.45131298,28.52407769,27.62560349,26.85221888,
North Macedonia,MKD,"Mortality rate, infant (per 1,000 live births)",SP.DYN.IMRT.IN,,,,,,,,,,,,,,,,,,,,,,51.5,50,48.2,46.2,44.6,43.9,43,40.4,36,32.3,30.8,30.4,28.7,25.2,21.6,19.2,17.6,16.4,15.2,14.1,13.4,12.9,12.7,12.5,12.2,11.8,11.1,10.3,9.5,8.9,8.8,9.2,10,11,11.4,10.5,8.7,6.8,5.3,
Mali,MLI,"Mortality rate, infant (per 1,000 live births)",SP.DYN.IMRT.IN,,,,203.9,200.7,197.5,194.6,191.6,188.9,186.2,183.7,181.1,178.3,175.2,172,168.4,164.7,161,157.3,153.6,150.1,146.5,142.9,139.4,136.1,132.8,129.8,127,124.4,122,119.8,117.9,116.2,114.7,113.3,111.8,110.2,108.4,106.4,104.1,101.5,98.7,96,93.3,90.6,88.1,85.7,83.3,81,78.9,76.7,74.6,72.6,70.6,68.7,67,65.2,63.5,61.8,60.2,
Malta,MLT,"Mortality rate, infant (per 1,000 live births)",SP.DYN.IMRT.IN,36.1,34.2,32.9,31.9,31.1,30.2,29.3,28.3,27.2,26,24.8,23.6,22.5,21.3,20.1,19,18,17.1,16.3,15.6,15,14.4,13.9,13.4,12.8,12.3,11.8,11.3,10.8,10.4,10,9.7,9.3,9,8.6,8.3,7.9,7.5,7.2,6.9,6.7,6.4,6.3,6.1,6,6,5.9,5.9,5.9,5.9,5.9,6,6,6,6.1,6.1,6.1,6.2,6.1,6.1,
Myanmar,MMR,"Mortality rate, infant (per 1,000 live births)",SP.DYN.IMRT.IN,,,,,,,,,122.1,120,118,116,113.9,111.9,109.8,107.6,105.5,103.2,101.1,99.1,97.2,95.3,93.5,91.8,90.3,88.8,87.4,85.9,84.4,82.8,81.2,79.6,77.9,76.2,74.5,72.8,71.2,69.6,68,66.5,65,63.5,61.9,60.4,58.8,57.2,55.5,53.8,56.4,50.3,48.6,46.8,45.1,43.5,42,40.7,39.4,38.2,37,35.8,
Middle East & North Africa (excluding high income),MNA,"Mortality rate, infant (per 1,000 live births)",SP.DYN.IMRT.IN,,,,,,,,,,,,,,,,,,,,,,,,,,,,,,,52.10430543,50.33256413,48.71505221,47.12644017,45.50674953,43.94681235,42.36826071,40.79676487,39.24116167,37.71297271,36.26494055,34.76229751,33.38238831,32.03502298,30.76325149,29.53786302,28.35130368,27.22431766,26.18909032,25.21840511,24.36796364,23.62768109,23.02418443,22.45642548,21.91239311,21.42958836,20.92132845,20.44845942,20.00467758,19.57013782,
Montenegro,MNE,"Mortality rate, infant (per 1,000 live births)",SP.DYN.IMRT.IN,,,,,,,,,,,,,,,,,,,,,,,,,24.5,22.2,20.2,18.4,16.9,15.7,14.8,14.1,13.8,13.6,13.5,13.5,13.5,13.4,13.3,13,12.6,12.2,11.6,10.9,10.2,9.5,8.7,7.9,7.2,6.5,5.8,5.2,4.6,4,3.6,3.1,2.8,2.5,2.2,2,
Mongolia,MNG,"Mortality rate, infant (per 1,000 live births)",SP.DYN.IMRT.IN,,,,,,,,,,,,,,,,,,,116.9,113.4,109.9,106.7,103.5,100.3,97.2,93.8,90.4,86.9,83.4,80.2,77.1,74.3,71.7,69.2,66.8,64.4,61.8,59,56.1,53.1,50,46.8,43.7,40.7,37.9,35.4,33,30.8,28.8,26.9,25.1,23.4,21.7,20.1,18.6,17.3,16.1,15.1,14.2,13.4,
Northern Mariana Islands,MNP,"Mortality rate, infant (per 1,000 live births)",SP.DYN.IMRT.IN,,,,,,,,,,,,,,,,,,,,,,,,,,,,,,,,,,,,,,,,,,,,,,,,,,,,,,,,,,,,,
Mozambique,MOZ,"Mortality rate, infant (per 1,000 live births)",SP.DYN.IMRT.IN,,,,,181.7,182.5,183.5,184.2,184.3,184.3,184.1,183.7,183.1,182.3,181.4,180.5,179.6,178.7,178.2,177.8,177.5,177.2,176.6,175.7,174.1,172.2,170.2,168,166,163.9,161.7,159.4,156.7,153.2,149.2,144.4,138.6,132.1,125.1,118.4,112,105.9,100.3,95.4,91,87.1,83.5,78.6,76,73,72.4,68.8,66.4,64.7,63.2,61.5,59.8,57.9,56.4,54.8,
Mauritania,MRT,"Mortality rate, infant (per 1,000 live births)",SP.DYN.IMRT.IN,129.8,126.9,124,121.3,118.5,115.8,113,110.4,107.9,105.8,104.4,103.5,103.1,102.9,102.4,101.5,100.1,98.4,96.4,94.3,92.3,90.2,88.2,86,83.6,81.1,78.6,76.2,74.2,72.6,71.4,70.5,70,69.6,69.5,69.4,69.4,69.4,69.4,69.3,69.2,69,68.8,68.5,68,67.3,66.4,65.3,64.1,62.9,61.7,60.3,59,57.6,56.4,55,53.8,52.6,51.4,50.1,
Mauritius,MUS,"Mortality rate, infant (per 1,000 live births)",SP.DYN.IMRT.IN,70.2,67.3,63.8,60.6,58.7,59.5,64,69.5,69.7,62.9,56.6,56.1,59.1,59.4,54,47.3,42.3,39.3,37.2,35.3,33.2,30.5,27.7,25.7,24.6,24.2,24.3,24.4,23.5,21.8,20,18.9,18.5,18.7,19.2,19.9,20.3,20.2,19.5,18.1,16.6,15.3,14.4,13.8,13.5,13.4,13.2,13,12.8,12.5,12.5,12.7,13,13.1,12.9,12.7,12.8,13.2,13.7,14.3,
Malawi,MWI,"Mortality rate, infant (per 1,000 live births)",SP.DYN.IMRT.IN,,,,,,211.6,210.5,209.3,208.1,206.3,204.2,201,196.9,192,186.6,180.9,175,169.1,162.9,156.5,151.3,146.9,144.3,144,145.8,148.2,149.8,150.1,148.5,145.2,141,136.4,131.8,127.2,122.8,119.1,116.2,113.6,110.3,105.8,99.8,92.4,84.3,76.6,70.1,65.1,61.9,59.9,57.2,55.3,53.2,49.5,45.9,42.7,39.7,37.3,35.3,33.5,32.1,30.9,
Malaysia,MYS,"Mortality rate, infant (per 1,000 live births)",SP.DYN.IMRT.IN,67.2,63.3,59.6,56.2,53.3,50.6,48.3,46.3,44.6,43.1,41.7,40.4,39.1,37.5,35.9,34.2,32.4,30.5,28.7,26.9,25.2,23.6,22.1,20.7,19.5,18.4,17.4,16.5,15.6,14.9,14.2,13.6,13,12.4,11.9,11.5,11.1,10.6,10.1,9.4,8.7,8.1,7.6,7.3,7.1,7,7,6.9,6.9,6.9,6.9,6.8,6.8,6.8,6.8,6.9,7,7.1,7.2,7.3,
North America,NAC,"Mortality rate, infant (per 1,000 live births)",SP.DYN.IMRT.IN,,,,,,,,,,,,,,,,,,,,,,,,,,,,,,,9.2,8.9,8.6,8.3,8,7.7,7.5,7.3,7.2,7.1,7,6.9,6.8,6.8,6.7,6.6,6.5,6.5,6.4,6.2,6.1,6,5.9,5.8,5.8,5.7,5.7,5.6,5.5,5.4,
Namibia,NAM,"Mortality rate, infant (per 1,000 live births)",SP.DYN.IMRT.IN,,,,,,,,61.5,61.8,62,62.3,62.4,62.8,63.1,63.6,64,64.5,65,65.2,65.3,64.9,64.1,63,61.3,59.4,57.3,55.3,53.3,51.6,50,48.7,47.7,46.8,46.3,46.2,46.3,46.4,46.4,46.2,45.6,44.9,44.2,43.6,43.4,42.8,39.9,37.9,37,37,37.6,36.3,36.9,37.9,36.3,34.3,33.3,32.6,31.8,31.2,30.7,
New Caledonia,NCL,"Mortality rate, infant (per 1,000 live births)",SP.DYN.IMRT.IN,,,,,,,,,,,,,,,,,,,,,,,,,,,,,,,,,,,,,,,,,,,,,,,,,,,,,,,,,,,,,
Niger,NER,"Mortality rate, infant (per 1,000 live births)",SP.DYN.IMRT.IN,,,,,,,,127.3,128.8,130.2,131.8,133.4,134.7,135.6,136,135.7,134.7,133.4,131.8,130.3,129.5,129.3,130.1,131.4,133,134.5,135.6,135.9,135.5,134.4,132.8,130.5,127.6,124,119.9,115.3,111,107,103.4,100.2,97,93.7,90.1,86.3,82.4,78.5,74.8,71.3,68,64.9,62,59.4,57.1,55.2,53.5,51.9,50.5,49.1,47.9,46.7,
Nigeria,NGA,"Mortality rate, infant (per 1,000 live births)",SP.DYN.IMRT.IN,,,,,192.7,188.3,183.9,179.7,175.6,171.4,166.8,162.2,157.2,152.3,147.4,142.7,138.3,134.2,130.7,127.8,125.6,123.9,122.9,122.5,122.5,122.9,123.4,123.9,124.2,124.4,124.3,124,123.7,123.1,122.4,121.3,119.8,117.9,115.5,112.8,110,107,104,101,98.1,95.2,92.5,90.1,88,86.1,84.6,83.3,82.2,81.2,80.4,79.5,78.5,77.3,75.7,74.2,
Nicaragua,NIC,"Mortality rate, infant (per 1,000 live births)",SP.DYN.IMRT.IN,133,131.8,130.4,129,127.6,125.8,124.1,122.2,120.2,118.1,115.8,113.2,110.2,106.9,103.3,99.2,94.9,90.3,85.7,81.2,76.9,73,69.3,66.1,63.2,60.6,58.4,56.4,54.4,52.6,50.6,48.6,46.5,44.5,42.4,40.4,38.4,36.5,35.8,32.9,31.3,29.8,28.5,27.2,26,24.9,23.9,22.9,22,21.1,20.2,19.5,18.7,18,17.3,16.6,16,15.4,14.9,14.3,
Netherlands,NLD,"Mortality rate, infant (per 1,000 live births)",SP.DYN.IMRT.IN,16.5,16,15.6,15.2,14.9,14.5,14.2,13.8,13.4,13,12.6,12.2,11.7,11.3,10.9,10.5,10.1,9.7,9.3,9,8.8,8.5,8.4,8.2,8,7.9,7.7,7.5,7.2,7,6.8,6.6,6.3,6.1,5.9,5.7,5.5,5.4,5.3,5.2,5.1,5,4.9,4.8,4.6,4.4,4.3,4.1,4,3.8,3.7,3.6,3.6,3.5,3.5,3.4,3.4,3.4,3.4,3.5,
Norway,NOR,"Mortality rate, infant (per 1,000 live births)",SP.DYN.IMRT.IN,18.4,17.9,17.5,17.1,16.6,16,15.4,14.8,14.2,13.7,13.2,12.7,12.1,11.6,11,10.5,9.9,9.3,8.8,8.4,8.2,8,8,8.1,8.2,8.3,8.3,8.2,8,7.5,7,6.4,5.9,5.4,4.9,4.6,4.4,4.3,4.1,4,3.9,3.8,3.7,3.6,3.4,3.3,3.2,3,2.9,2.8,2.6,2.5,2.4,2.3,2.3,2.2,2.1,2.1,2,2,
Nepal,NPL,"Mortality rate, infant (per 1,000 live births)",SP.DYN.IMRT.IN,216.4,213.7,210.4,206.6,202.5,198,193.7,189.1,184.7,180.4,176.5,172.7,169,165.5,161.9,158.4,154.8,151,147.2,143.3,139.3,135.3,131.2,127.1,123.1,118.9,114.8,110.5,106.1,101.6,97.1,92.7,88.4,84.3,80.3,76.6,73,69.5,66.1,63,59.9,57,54.3,51.7,49.3,47,44.8,42.7,40.8,38.9,37.1,35.5,33.8,32.3,30.9,29.7,28.5,27.4,26.5,25.6,
Nauru,NRU,"Mortality rate, infant (per 1,000 live births)",SP.DYN.IMRT.IN,,,,,,,,,,,,,,,,,,,,,,,,,,55.5,53.4,51.6,49.8,48.2,46.5,44.8,43.3,41.7,40.3,39,37.7,36.5,35.4,34.4,33.5,32.8,32.2,31.8,31.5,31.5,31.6,31.8,32,31.9,31.7,31.3,30.7,30.1,29.4,28.7,28,27.2,26.4,25.7,
New Zealand,NZL,"Mortality rate, infant (per 1,000 live births)",SP.DYN.IMRT.IN,22.5,21.7,20.9,20,19.3,18.7,18.3,17.9,17.5,17.2,16.9,16.5,16.2,15.8,15.4,14.9,14.5,14,13.5,13.1,12.7,12.4,12.1,11.9,11.6,11.3,11,10.6,10.1,9.7,9.2,8.7,8.2,7.8,7.5,7.2,6.9,6.7,6.5,6.3,6.1,5.9,5.8,5.7,5.6,5.5,5.4,5.3,5.2,5.2,5.1,5,4.9,4.8,4.7,4.5,4.4,4.2,4.1,3.9,
OECD members,OED,"Mortality rate, infant (per 1,000 live births)",SP.DYN.IMRT.IN,,,,,,,,,,,,,,,,,,,,,,,,,,,,,,,17.57376738,16.83757751,16.12174343,15.43512488,14.75662402,14.1171699,13.51937044,12.94737093,12.42970581,11.89128669,11.39469619,10.92679416,10.47847477,10.05249351,9.622778535,9.242203447,8.894673202,8.551977478,8.239711745,7.946389335,7.654065283,7.416281249,7.171919239,6.992813136,6.795579135,6.590801027,6.451680579,6.259959969,6.089716835,5.949882837,
Oman,OMN,"Mortality rate, infant (per 1,000 live births)",SP.DYN.IMRT.IN,,,228.4,217.9,207.5,198,188.7,179.5,170.5,161.4,152.7,144.6,136.6,128.9,121.2,113.9,106.6,99.3,92,84.9,78.1,71.7,65.6,59.7,54.4,49.6,45.1,41.2,37.6,34.4,31.5,28.8,26.4,24.1,22.1,20.4,18.9,17.5,16.2,15.1,14.1,13.3,12.5,11.9,11.4,11,10.7,10.5,10.3,10.2,10.1,9.9,9.8,9.7,9.6,9.6,9.7,9.7,9.8,9.8,
Other small states,OSS,"Mortality rate, infant (per 1,000 live births)",SP.DYN.IMRT.IN,,,,,,,,,,,,,,,,,,,,,,,,,,,,,,,64.65508392,63.7645992,63.01874943,62.45664498,61.99854215,61.53048309,60.75012532,60.07907614,59.29352564,58.34157897,57.29221485,56.1380702,54.86607339,53.62886216,52.24501332,50.48434116,48.6990888,47.39649149,46.56558378,45.08843422,43.74055128,42.79169757,41.95884968,41.02315292,40.22732959,39.21569934,38.4162535,37.62439382,36.49690405,35.65020459,
Pakistan,PAK,"Mortality rate, infant (per 1,000 live births)",SP.DYN.IMRT.IN,185.3,179.1,173.1,167.5,162.4,157.8,153.8,150.3,147.2,144.4,141.9,139.6,137.4,135.3,133.5,131.8,130.2,128.7,127.2,125.8,124.3,122.8,121.2,119.6,117.8,116,114.1,112.3,110.4,108.6,106.7,104.7,102.7,100.6,98.3,96,93.6,91.2,88.8,86.5,84.4,82.4,80.7,79.2,77.8,76.5,75.3,74.1,72.8,71.5,70.1,68.6,67.1,65.4,63.8,62.1,60.5,58.8,57.2,55.7,
Panama,PAN,"Mortality rate, infant (per 1,000 live births)",SP.DYN.IMRT.IN,65.7,64.1,62.4,60.8,59.2,57.8,56.4,55,53.6,52,50.2,48.3,46.2,44.1,42.2,40.5,39.1,37.9,36.9,35.9,34.9,33.9,32.8,31.8,30.7,29.7,28.8,27.8,27,26.2,25.6,25,24.5,24.1,23.7,23.4,23.2,22.9,22.6,22.3,21.9,21.4,20.9,20.4,19.9,19.4,19,18.5,18,17.5,17,16.5,16,15.5,15,14.6,14.1,13.7,13.2,12.8,
Peru,PER,"Mortality rate, infant (per 1,000 live births)",SP.DYN.IMRT.IN,136,132.8,129.4,126,122.4,119,115.7,112.5,109.6,106.9,104.4,101.9,99.3,96.8,94.3,91.9,89.8,88,86.3,84.7,83.1,81.4,79.3,76.9,74.2,71.3,68.1,65,62.1,59.4,56.7,54.1,51.4,48.6,45.7,42.8,39.9,37.1,34.4,31.9,29.5,27.4,25.5,23.7,22.2,20.8,19.5,18.3,17.3,16.3,15.5,14.7,14,13.3,12.7,12.2,11.6,11.1,10.7,10.3,
Philippines,PHL,"Mortality rate, infant (per 1,000 live births)",SP.DYN.IMRT.IN,66.4,64.6,63.1,61.7,60.6,59.5,58.4,57.5,56.6,55.9,55.3,54.9,54.7,54.5,54.5,54.5,54.4,54.1,53.8,53.4,52.9,52.3,51.7,51,50.1,49,47.6,45.9,44,41.9,39.9,38,36.3,34.9,33.6,32.4,31.4,30.6,29.8,29.2,28.7,28.2,27.8,27.3,26.9,26.5,26.1,25.7,25.4,25.1,24.8,24.5,24.3,24,23.7,23.5,23.1,22.7,22.2,21.6,
Palau,PLW,"Mortality rate, infant (per 1,000 live births)",SP.DYN.IMRT.IN,,,,,,,,,,,,,,,,,,,,,,,,,,29.3,29.3,29.4,29.6,29.7,29.9,29.9,29.7,29.4,28.9,28.4,27.8,27.1,26.5,26,25.3,24.9,24.4,23.9,23.6,23.2,22.7,22.3,21.8,21.2,20.7,20,19.5,18.9,18.4,17.9,17.4,16.8,16.3,15.8,
Papua New Guinea,PNG,"Mortality rate, infant (per 1,000 live births)",SP.DYN.IMRT.IN,132.8,128.9,125.1,121.5,117.9,114.6,111.3,108.1,104.9,101.8,98.8,95.9,93.2,90.6,88.1,85.6,83.4,81.3,79.3,77.4,75.5,73.8,72.2,70.7,69.3,68,66.7,65.5,64.4,63.3,62.2,61.2,60.1,59.1,58.2,57.4,56.5,55.7,54.9,54.1,53.3,52.5,51.7,50.9,50,49.2,48.3,47.4,46.4,45.5,44.5,43.6,42.7,41.7,40.8,39.9,38.8,37.8,36.9,35.9,
Poland,POL,"Mortality rate, infant (per 1,000 live births)",SP.DYN.IMRT.IN,57.8,53.3,49.8,46.5,43.4,40.4,37.9,35.8,34.3,33.2,32,30.4,28.5,26.9,25.5,24.5,23.7,23.1,22.4,21.7,21,20.4,19.9,19.3,18.5,17.8,17.1,16.5,16,15.6,15.2,14.8,14.3,13.9,13.4,12.6,11.6,10.4,9.4,8.6,8.1,7.6,7.3,7,6.8,6.5,6.3,6.1,5.8,5.5,5.1,4.9,4.7,4.5,4.3,4.2,4,3.9,3.8,3.8,
Pre-demographic dividend,PRE,"Mortality rate, infant (per 1,000 live births)",SP.DYN.IMRT.IN,,,,,,,,,,,,,,,,,,,,,,,,,,,,,,,110.0459389,108.9776151,107.9129311,106.7194474,105.4432065,103.9786951,102.2984683,100.3893265,98.19831217,95.78514063,93.15236141,90.31306242,87.39980612,84.49496296,81.62310111,78.84740086,76.26604868,73.79585882,71.4842345,69.40356263,67.51823057,65.6784275,63.9688643,62.42113893,60.99011069,59.61186318,58.23292072,56.80873303,55.37541348,54.01190115,
Puerto Rico,PRI,"Mortality rate, infant (per 1,000 live births)",SP.DYN.IMRT.IN,,,,,,,,,,,,,,,,,,,,,,,,,,,,,,,,,,,,,,,,,,,,,,,,,,,,,,,,,,,,,
"Korea, Dem. People's Rep.",PRK,"Mortality rate, infant (per 1,000 live births)",SP.DYN.IMRT.IN,,,,,,,,,,,,,,,,,,,,,,,,,,27.7,27.4,27.8,28.9,30.7,33.4,36.9,41.1,45.5,49.8,53.2,55.1,55,53.1,49.4,44.5,39.1,34.2,30.4,27.8,26.4,26,25.7,25.2,24.4,23.1,21.5,19.8,18.3,17,16,15.1,14.4,13.7,13.1,
Portugal,PRT,"Mortality rate, infant (per 1,000 live births)",SP.DYN.IMRT.IN,84.7,82.3,78.8,74.5,70.1,66.2,63.4,61.5,59.9,58.2,55.7,51.8,47.4,43.1,39.4,36,32.6,29.5,26.8,24.6,22.8,21.2,19.9,18.6,17.6,16.5,15.5,14.5,13.5,12.5,11.6,10.6,9.7,8.8,8.1,7.5,7,6.6,6.3,5.9,5.5,5.1,4.7,4.3,3.9,3.6,3.4,3.3,3.2,3.1,3.1,3,3,3,3,3,3,3,3,3.1,
Paraguay,PRY,"Mortality rate, infant (per 1,000 live births)",SP.DYN.IMRT.IN,60.7,60.2,59.9,59.5,59.3,59,58.8,58.6,58.4,58.1,57.8,57.3,56.8,56.2,55.5,54.8,53.9,53,51.9,50.8,49.6,48.3,46.9,45.5,44.1,42.7,41.3,40,38.7,37.5,36.2,35.1,33.9,32.9,32,31.1,30.3,29.6,29,28.4,27.8,27.2,26.7,26.1,25.6,25,24.4,23.8,23.2,22.6,21.9,21.3,20.7,20.1,19.5,18.9,18.3,17.8,17.2,16.6,
West Bank and Gaza,PSE,"Mortality rate, infant (per 1,000 live births)",SP.DYN.IMRT.IN,,,,,,,,,,,,,,,,76.7,72.6,68.8,65.3,61.8,58.6,55.7,52.9,50.3,47.8,45.4,43.1,41,39,37.2,35.6,34.1,32.8,31.6,30.5,29.4,28.4,27.5,26.6,25.8,25,24.3,23.7,23.1,22.6,22,21.5,20.9,20.5,20.1,19.7,19.4,19.1,18.8,18.6,18.3,17.9,17.5,17.1,16.6,
Pacific island small states,PSS,"Mortality rate, infant (per 1,000 live births)",SP.DYN.IMRT.IN,,,,,,,,,,,,,,,,,,,,,,,,,,,,,,,29.46218228,28.61485412,27.85175419,27.16968174,26.59125168,26.04810248,25.56644426,25.27007563,24.78133993,24.35751317,23.96757664,23.62928516,23.40810742,23.24701631,23.17341369,23.14028606,23.13555761,23.09202641,22.97137057,22.90672294,22.60901014,22.36120322,22.11327074,21.85500358,21.61160546,21.34713668,21.05032748,20.79899713,20.49155919,20.13554827,
Post-demographic dividend,PST,"Mortality rate, infant (per 1,000 live births)",SP.DYN.IMRT.IN,,,,,,,,,,,,,,,,,,,,,,,,,,,,,,,8.948054538,8.597195504,8.24247991,7.907500083,7.541461077,7.222915432,6.937521134,6.688654505,6.48646293,6.250532128,6.080357364,5.910528225,5.762615116,5.650882967,5.506883825,5.38700267,5.289197794,5.158509566,5.039817168,4.917815463,4.764826755,4.648568836,4.540159923,4.47390705,4.388845352,4.304795469,4.27676977,4.202581393,4.137728645,4.113084394,
French Polynesia,PYF,"Mortality rate, infant (per 1,000 live births)",SP.DYN.IMRT.IN,,,,,,,,,,,,,,,,,,,,,,,,,,,,,,,,,,,,,,,,,,,,,,,,,,,,,,,,,,,,,
Qatar,QAT,"Mortality rate, infant (per 1,000 live births)",SP.DYN.IMRT.IN,,,,,,,,,,53.2,50.2,47.3,44.6,42.1,39.8,37.7,35.8,34,32.4,31,29.6,28.4,27.1,26,24.8,23.7,22.5,21.3,20.1,18.9,17.7,16.6,15.6,14.7,13.9,13.1,12.6,12,11.6,11.2,10.7,10.3,10,9.6,9.3,8.9,8.7,8.4,8.2,8,7.8,7.6,7.4,7.2,7,6.7,6.4,6.1,5.8,5.6,
Romania,ROU,"Mortality rate, infant (per 1,000 live births)",SP.DYN.IMRT.IN,73.3,67.6,59.7,52.1,46.7,45,48.3,54.3,56.9,52.9,46.6,42,39.3,37.6,36.3,34.9,33.1,31.4,30.1,29.4,28.6,27.3,25.8,24.6,24.2,24.5,25.7,26.9,27.1,25.8,24.2,23.2,22.8,22.6,22.3,22,21.7,21.4,20.5,19.2,18,17.3,17.1,16.9,16.4,15.5,14.3,13,11.9,11.1,10.5,10.1,9.5,9,8.3,7.6,7.1,6.7,6.2,5.7,
Russian Federation,RUS,"Mortality rate, infant (per 1,000 live births)",SP.DYN.IMRT.IN,,,,,,,,,,,31.1,29.9,28.8,27.6,26.6,25.8,25.1,24.5,24,23.6,23.2,22.8,22.4,22,21.6,21.1,20.5,19.9,19.2,18.7,18.4,18.3,18.5,18.6,18.6,18.6,18.4,18.1,17.7,17.1,16.5,15.7,14.8,13.8,12.8,11.9,11,10.2,9.6,9.2,8.9,8.7,8.4,8.1,7.6,7,6.5,5.9,5.4,4.9,
Rwanda,RWA,"Mortality rate, infant (per 1,000 live births)",SP.DYN.IMRT.IN,130.6,128.1,126.3,125.1,124.5,124.5,125,126,127.4,129,130.8,133,135.5,138.6,142.1,145.6,148.1,148.3,144.8,137.9,129.2,120.2,112,105.7,101.1,97.4,94.7,92.6,91.2,90.7,91.9,94.6,98.8,104.9,120.2,119.9,115.1,118,119.3,112.1,106.2,99.6,91.9,83.8,75.3,68,61.6,56.2,51.4,47.5,43.8,39.8,37,34.5,32.5,30.9,29.6,28.4,27.3,26.3,
South Asia,SAS,"Mortality rate, infant (per 1,000 live births)",SP.DYN.IMRT.IN,,,,,,,,,,,,,,,,,,,,,,,,,,,,,,,91.9,89.5,87.3,85.1,82.8,80.5,78.2,75.8,73.4,71,68.7,66.4,64.2,62,60,58,56.1,54.1,52.2,50.3,48.4,46.5,44.6,42.8,41,39.3,37.6,36,34.5,33.1,
Saudi Arabia,SAU,"Mortality rate, infant (per 1,000 live births)",SP.DYN.IMRT.IN,,,,,,,,,,,,,110,103.7,97.7,91.9,86.7,81.7,77,72.5,68.3,64.4,60.5,57,53.6,50.2,47.1,44,41,38.2,35.6,33.1,30.9,28.9,27,25.3,23.7,22.3,21,19.8,18.7,17.7,16.7,15.8,14.9,14.1,13.3,12.5,11.7,11,10.3,9.6,8.9,8.3,7.8,7.2,6.7,6.3,6,5.7,
Sudan,SDN,"Mortality rate, infant (per 1,000 live births)",SP.DYN.IMRT.IN,106.1,104.6,103.2,101.9,100.6,99.5,98.4,97.5,96.7,96,95.4,94.9,94.4,93.9,93.4,92.9,92.3,91.6,91,90.4,89.9,89.4,88.9,88.3,87.6,86.8,86,85,83.9,82.8,81.6,80.4,79.1,77.8,76.4,75,73.5,71.9,70.2,68.4,66.5,64.6,62.7,60.9,59.1,57.5,55.9,54.4,53.1,51.8,50.6,49.5,48.4,47.3,46.2,45.2,44.2,43.1,42,41,
Senegal,SEN,"Mortality rate, infant (per 1,000 live births)",SP.DYN.IMRT.IN,128.3,128.2,128.3,128.6,128.8,128.9,128.6,128.2,127.7,126.7,125.4,123.6,121.4,118.7,115.6,112.2,108.4,104.6,101,97.7,94.9,92.5,90.4,88.2,85.7,82.9,79.9,77,74.4,72.4,71,70.3,70.1,70.3,70.6,71,71.2,71.1,70.6,69.4,67.5,65.1,62.2,59.2,56.1,53.2,50.6,48.2,46.2,44.3,42.6,41.1,39.8,38.6,37.5,36.4,35.4,34.4,33.6,32.7,
Singapore,SGP,"Mortality rate, infant (per 1,000 live births)",SP.DYN.IMRT.IN,35.4,32.9,30.7,29.2,28.2,27.4,26.4,25.2,23.9,22.8,21.7,20.7,19.5,17.8,15.8,14,12.9,12.4,12.3,12.2,12,11.5,10.7,9.9,9.3,8.8,8.3,7.9,7.3,6.8,6.1,5.5,5,4.6,4.2,4,3.8,3.6,3.4,3.2,3,2.8,2.6,2.5,2.4,2.3,2.3,2.2,2.2,2.2,2.2,2.2,2.2,2.2,2.2,2.2,2.2,2.1,2.1,2.1,
Solomon Islands,SLB,"Mortality rate, infant (per 1,000 live births)",SP.DYN.IMRT.IN,128,121.6,115.9,110.6,105.6,100.7,95.6,90.5,85.3,80.1,75,70.3,65.9,61.7,58,54.6,51.4,48.6,45.9,43.6,41.7,40,38.6,37.3,36.2,35.2,34.2,33.5,32.7,32,31.3,30.6,29.8,29.1,28.4,27.7,27.1,26.6,26.2,25.7,25.3,25,24.8,24.5,24.3,24.1,23.8,23.4,22.9,22.4,21.8,21.3,20.7,20.1,19.6,19,18.4,17.9,17.3,16.8,
Sierra Leone,SLE,"Mortality rate, infant (per 1,000 live births)",SP.DYN.IMRT.IN,221.2,218.3,215,211.9,208.8,205.6,202.5,199.2,196.1,193.1,190.1,187.3,184.7,182.1,179.6,177.2,174.9,172.7,170.5,168.5,166.8,165,163.5,162,160.6,159.4,158.1,157.1,156.1,155.2,154.4,153.7,152.9,152,151,149.7,148.1,146.3,144.2,141.9,139.5,136.9,134.1,131.2,128.2,125,121.6,118.2,114.5,110.8,107.2,103.5,100.2,97,94.9,94.2,88.6,85.9,83.4,80.9,
El Salvador,SLV,"Mortality rate, infant (per 1,000 live births)",SP.DYN.IMRT.IN,124.8,122.4,120.1,117.8,115.7,113.6,111.6,109.7,107.7,105.7,103.8,101.7,99.6,97.3,94.8,92.1,89.3,86.2,83.1,79.8,76.5,72.9,69.4,65.8,62.4,59.1,56.1,53.3,50.8,48.4,46.1,43.9,41.7,39.7,37.6,35.6,33.7,31.9,30.2,28.6,27.1,25.7,24.5,23.2,22.1,21,20,19,18.1,17.2,16.4,15.6,15,14.3,13.7,13.2,12.7,12.2,11.8,11.4,
San Marino,SMR,"Mortality rate, infant (per 1,000 live births)",SP.DYN.IMRT.IN,,,,,,,,,,,,,,,,,,,,,,,,,,18.5,17.1,15.8,14.5,13.4,12.3,11.4,10.5,9.6,8.8,8.1,7.5,6.9,6.3,5.8,5.4,4.9,4.6,4.2,3.9,3.6,3.3,3.1,2.8,2.6,2.4,2.2,2.1,2,1.9,1.8,1.7,1.6,1.6,1.5,
Somalia,SOM,"Mortality rate, infant (per 1,000 live births)",SP.DYN.IMRT.IN,,,,,,,,,,,,,,,,,,,,,,,117.1,115.7,114.2,113.4,112.5,111.5,110.4,109.1,107.3,105.4,104.2,103.7,103.6,103.6,103.6,103.6,103.6,103.6,103.6,103.6,103.6,103.6,103.6,103.5,103.3,102.1,100.3,98.1,95.6,93,90.4,87.9,85.3,82.8,80.4,78.2,75.9,74,
Serbia,SRB,"Mortality rate, infant (per 1,000 live births)",SP.DYN.IMRT.IN,,,,,,,,,,,,,,,,,,,,,,,,,35.4,33.6,32.2,31.2,29.6,27,24,22,21,20.2,18.8,17,15,13.3,12.1,11.4,11,10.6,9.9,9.1,8.4,7.7,7.3,7,6.9,6.8,6.6,6.4,6.2,6,5.7,5.5,5.2,5,4.8,4.6,
Sub-Saharan Africa (excluding high income),SSA,"Mortality rate, infant (per 1,000 live births)",SP.DYN.IMRT.IN,,,,,,,,,,,,,,,,,,,,,,,,,,,,,,,106.6092674,105.6652459,104.7642157,103.7739744,102.7884736,101.4400359,99.82099068,98.05197448,96.00783136,93.65468141,91.08415089,88.30063131,85.42519814,82.54468804,79.72617442,76.96288518,74.38997886,71.87033558,69.47432992,67.24241535,65.21399157,63.3173803,61.56404936,59.99409539,58.55317335,57.16840163,55.79598773,54.41647674,53.01900355,51.71254026,
South Sudan,SSD,"Mortality rate, infant (per 1,000 live births)",SP.DYN.IMRT.IN,,,,,,,,,,,,,,,,,,,,,172.4,170.2,168.2,166.1,163.8,161.4,158.8,156.3,153.7,150.8,148,145,141.9,138.5,134.7,130.8,126.9,122.7,118.3,113.8,108.9,104,99.2,94.7,90.2,86,82,78.3,74.8,71.5,68.3,65.6,63.6,62.7,62.4,62.4,62.4,62.4,62.4,62.4,
Sub-Saharan Africa,SSF,"Mortality rate, infant (per 1,000 live births)",SP.DYN.IMRT.IN,,,,,,,,,,,,,,,,,,,,,,,,,,,,,,,106.6,105.7,104.8,103.8,102.8,101.4,99.8,98,96,93.7,91.1,88.3,85.4,82.5,79.7,77,74.4,71.9,69.5,67.2,65.2,63.3,61.6,60,58.6,57.2,55.8,54.4,53,51.7,
Small states,SST,"Mortality rate, infant (per 1,000 live births)",SP.DYN.IMRT.IN,,,,,,,,,,,,,,,,,,,,,,,,,,,,,,,55.32534123,54.55734353,53.89637616,53.36894105,52.92809766,52.47918629,51.8045781,51.24684934,50.60772375,49.8557389,49.04460603,48.17824615,47.22243326,46.2986571,45.25713574,43.92568956,42.54982363,41.55215952,40.89873884,39.73834145,38.65420296,37.88044743,37.19347375,36.42050332,35.75477458,34.90465329,34.22908692,33.5489894,32.59792501,31.86414543,
Sao Tome and Principe,STP,"Mortality rate, infant (per 1,000 live births)",SP.DYN.IMRT.IN,,,,,,62.5,60.6,59.1,57.9,57,56.7,56.6,56.9,57.3,57.7,58.1,58.3,58.4,58.7,58.9,59.3,59.9,60.8,61.9,63.1,64.3,65.5,66.5,67.5,68.2,68.8,69.1,69.1,68.8,68,66.7,65,62.9,60.6,58.1,55.4,52.8,50.2,47.5,45.1,42.8,40.6,38.5,36.6,34.9,33.2,31.7,30.2,28.9,27.8,26.8,25.8,25,24.2,23.5,
Suriname,SUR,"Mortality rate, infant (per 1,000 live births)",SP.DYN.IMRT.IN,,,,,,,,,,,,,,,,,,,,,,,,47.9,46.5,45.1,43.8,42.4,41.2,39.9,38.7,37.5,36.3,35.1,33.9,32.7,31.5,30.4,29.4,28.4,27.4,26.5,25.7,24.9,24.1,23.5,22.8,22.2,21.6,21,20.5,20,19.5,19,18.5,18,17.6,17,16.6,16.1,
Slovak Republic,SVK,"Mortality rate, infant (per 1,000 live births)",SP.DYN.IMRT.IN,,,,,,,,,,,,,,,,,,,,,,18.9,18.1,17.3,16.5,15.8,15.1,14.4,13.8,13.2,12.6,12.1,11.6,11.1,10.6,10.1,9.7,9.3,8.9,8.5,8.2,7.9,7.6,7.3,7.1,6.8,6.6,6.4,6.1,5.9,5.8,5.6,5.5,5.3,5.2,5.1,5,4.9,4.8,4.7,
Slovenia,SVN,"Mortality rate, infant (per 1,000 live births)",SP.DYN.IMRT.IN,,,,,,,,,,,,,,,,,,,,,,15.5,14.6,13.8,13,12.2,11.5,10.8,10,9.4,8.8,8.2,7.6,7.1,6.7,6.2,5.8,5.5,5.1,4.8,4.6,4.3,4.1,3.9,3.7,3.5,3.3,3.1,2.9,2.8,2.6,2.5,2.3,2.2,2.1,2,1.9,1.8,1.7,1.7,
Sweden,SWE,"Mortality rate, infant (per 1,000 live births)",SP.DYN.IMRT.IN,16.3,16,15.6,15,14.4,13.7,13.1,12.6,12.1,11.7,11.3,10.9,10.4,9.8,9.3,8.7,8.3,8,7.6,7.4,7.1,6.9,6.8,6.6,6.5,6.4,6.3,6.3,6.2,6.1,5.9,5.6,5.2,4.8,4.4,4,3.8,3.6,3.5,3.4,3.4,3.4,3.3,3.2,3.1,3,2.8,2.7,2.6,2.6,2.5,2.5,2.4,2.4,2.4,2.3,2.3,2.2,2.2,2.1,
Eswatini,SWZ,"Mortality rate, infant (per 1,000 live births)",SP.DYN.IMRT.IN,140.3,138.1,135.8,133.7,131.3,128.7,126,123.4,120.8,118.1,115.4,112.4,109.2,105.7,102,98.3,94.5,90.8,87.2,83.8,80.4,76.8,73.3,69.7,66.2,62.8,59.7,56.9,54.5,52.6,51.3,51.1,51.8,53.5,55.5,57.7,59.7,61.6,63.5,65.4,67.1,68.3,68.9,69.3,68.8,68.2,61,61.1,62,58.1,55.2,54.1,52.9,51.9,52.1,45.9,44,44.8,40.7,38.6,
Sint Maarten (Dutch part),SXM,"Mortality rate, infant (per 1,000 live births)",SP.DYN.IMRT.IN,,,,,,,,,,,,,,,,,,,,,,,,,,,,,,,,,,,,,,,,,,,,,,,,,,,,,,,,,,,,,
Seychelles,SYC,"Mortality rate, infant (per 1,000 live births)",SP.DYN.IMRT.IN,74.8,74,73,71.9,70.6,69,67.2,64.9,62.3,59.4,56.3,53.1,49.9,46.7,43.4,40.1,36.8,33.6,30.6,27.9,25.4,23.2,21.4,19.8,18.5,17.4,16.6,15.8,15.1,14.5,14,13.6,13.2,12.8,12.6,12.3,12.2,12,11.9,11.9,11.8,11.8,11.8,11.8,11.8,11.8,11.9,11.9,12,12,12.1,12.2,12.3,12.5,12.6,12.7,12.7,12.7,12.5,12.3,
Syrian Arab Republic,SYR,"Mortality rate, infant (per 1,000 live births)",SP.DYN.IMRT.IN,115.9,110.8,106.1,101.8,97.9,94,90.2,86.3,82.3,78.4,74.6,70.9,67.6,64.4,61.5,58.7,56,53.4,50.8,48.4,45.9,43.7,41.6,39.7,37.9,36.2,34.7,33.4,32.2,31,29.9,28.9,27.8,26.6,25.5,24.4,23.3,22.2,21.3,20.4,19.6,18.9,18.3,17.7,17.3,16.9,16.6,16.4,16.3,16.2,16.2,16.4,17,17.4,17.7,17.8,18,18.1,18,17.9,
Turks and Caicos Islands,TCA,"Mortality rate, infant (per 1,000 live births)",SP.DYN.IMRT.IN,,,,,,,,,,,,,,,,,,,,,,,,,,,,,,,,,,,,,,,,,,,,,,,,,,,,,,,,,,,,,
Chad,TCD,"Mortality rate, infant (per 1,000 live births)",SP.DYN.IMRT.IN,,,,,,,,,,,,,128.6,128,127.3,126.8,126.3,125.6,125,124.2,123.4,122.4,121.4,120.3,119.2,118,116.7,115.5,114.2,113,111.7,110.5,109.3,108.2,107.2,106.2,105.2,104.1,102.9,101.6,100.2,98.7,97.3,95.9,94.4,92.9,91.3,89.7,88,86.2,84.4,82.7,81,79.3,77.7,76.1,74.4,72.6,70.8,69.1,
East Asia & Pacific (IDA & IBRD countries),TEA,"Mortality rate, infant (per 1,000 live births)",SP.DYN.IMRT.IN,,,,,,,,,,,,,,,,,,,,,,,,,,,,,,,45.59441965,44.80162904,43.87802847,42.70283588,41.4988133,40.14830062,38.84344481,37.49260715,36.08966183,34.65387768,33.10737737,31.50249576,29.77727657,28.14361317,26.77822287,25.00185403,23.63654873,22.32644688,21.25258852,20.04786297,19.02898445,18.06804908,17.13471299,16.34317757,15.50840711,14.82435237,14.14910012,13.54985122,12.96106713,12.444545,
Europe & Central Asia (IDA & IBRD countries),TEC,"Mortality rate, infant (per 1,000 live births)",SP.DYN.IMRT.IN,,,,,,,,,,,,,,,,,,,,,,,,,,,,,,,35.64066184,35.42724177,35.45820728,35.41578398,35.0744763,34.49260391,33.57312835,32.42135134,31.06192131,29.56209057,28.0324101,26.45922422,24.91270874,23.41185467,21.95216534,20.60307316,19.34522733,18.1572129,17.11433254,16.19333805,15.33586804,14.60239059,13.86825077,13.19177642,12.48890202,11.81083194,11.21711356,10.62388334,10.10452976,9.630338199,
Togo,TGO,"Mortality rate, infant (per 1,000 live births)",SP.DYN.IMRT.IN,159.1,156.4,153.6,150.9,148.1,145.3,142.6,139.8,137,134.2,131.4,128.7,126.1,123.5,120.8,118.3,115.8,113.4,110.9,108.6,106.3,104.2,102.1,100.2,98.3,96.5,94.8,93.3,91.8,90.5,89.2,88.1,86.9,85.7,84.4,83,81.5,79.9,78.2,76.4,74.5,72.7,70.8,69,67.3,65.6,63.9,62.3,60.7,59.2,57.7,56.2,54.8,53.4,52.1,50.8,49.5,48.2,47,45.8,
Thailand,THA,"Mortality rate, infant (per 1,000 live births)",SP.DYN.IMRT.IN,101.3,98.1,94.9,91.8,88.8,85.8,82.9,79.9,76.9,74,71,68.1,65.3,62.5,59.9,57.4,55,52.8,50.7,48.7,46.7,44.8,43,41.3,39.6,38,36.4,34.8,33.2,31.7,30.2,28.8,27.4,26.1,24.9,23.7,22.6,21.6,20.6,19.6,18.7,17.8,17,16.2,15.5,14.8,14.1,13.4,12.8,12.2,11.7,11.2,10.7,10.2,9.7,9.3,8.9,8.4,8.1,7.7,
Tajikistan,TJK,"Mortality rate, infant (per 1,000 live births)",SP.DYN.IMRT.IN,,,,,,,,,,,,,117.3,113.5,110.1,107,104.4,102.3,100.8,99.9,99.5,99.2,98.6,97.5,95.4,92.6,89.1,85.5,82.5,80.7,80.5,82.5,85.7,88.2,88.6,87.1,84.4,80.8,76.6,72.2,67.6,63,58.5,54.3,50.6,47.1,44.2,41.8,39.8,38.3,37,36,35.1,34.4,33.6,32.9,32.1,31.3,30.4,29.6,
Turkmenistan,TKM,"Mortality rate, infant (per 1,000 live births)",SP.DYN.IMRT.IN,,,,,,,,,,,,,,,,,,102,98.8,95.6,92.3,89,85.8,82.6,79.3,76.1,73.2,70.4,68,66.1,64.8,64.2,64.1,64.4,64.8,65,64.7,63.8,62.2,60.1,57.6,54.8,51.9,49.2,46.6,44.3,42.1,40.3,38.9,37.8,36.9,36.4,36.1,36,36.1,36.2,36.4,36.7,36.6,36.3,
Latin America & the Caribbean (IDA & IBRD countries),TLA,"Mortality rate, infant (per 1,000 live births)",SP.DYN.IMRT.IN,,,,,,,,,,,,,,,,,,,,,,,,,,,,,,,43.79936039,42.11689249,40.42483124,38.72518432,36.99189698,35.30567817,33.65385431,32.07853078,30.6580825,29.18320498,27.73707664,26.46612348,25.25864946,24.08201389,23.043758,22.03112539,21.09533174,20.24575455,19.4934475,18.78579304,18.82737986,17.53304744,16.95378817,16.44228359,15.97110511,15.50332526,15.57050236,14.82366682,14.38957508,13.96108799,
Timor-Leste,TLS,"Mortality rate, infant (per 1,000 live births)",SP.DYN.IMRT.IN,,,,,,,,,,,,,,,,,,,,,,,,,,163.6,156.4,149.7,143.2,137.1,131.3,125.8,120.6,115.6,110.7,106,101.4,97.1,92.9,88.7,84.8,81,77.1,73.3,69.6,65.9,62.5,59.2,56.4,53.9,51.6,49.7,47.8,46.1,44.7,43.2,41.9,40.5,39.2,38.1,
Middle East & North Africa (IDA & IBRD countries),TMN,"Mortality rate, infant (per 1,000 live births)",SP.DYN.IMRT.IN,,,,,,,,,,,,,,,,,,,,,,,,,,,,,,,52.3186444,50.55508535,48.94494382,47.3618688,45.74431261,44.18555217,42.60407,41.02603185,39.46238718,37.92331974,36.46456563,34.94756393,33.55320572,32.19178814,30.90555495,29.66834443,28.46900248,27.33205015,26.28511262,25.30397458,24.44525295,23.69700601,23.08793057,22.51531048,21.96534772,21.47936683,20.96929718,20.49535657,20.05113425,19.61807073,
Tonga,TON,"Mortality rate, infant (per 1,000 live births)",SP.DYN.IMRT.IN,,,,58.6,55.5,52.6,49.7,46.9,44.1,41.5,39,36.8,34.8,33,31.5,30.1,28.8,27.6,26.5,25.5,24.6,23.8,23.1,22.6,22.1,21.6,21.2,20.7,20.2,19.6,18.9,18.3,17.7,17.2,16.8,16.5,16.3,16.1,15.9,15.7,15.5,15.2,15,14.8,14.7,14.6,14.5,14.5,14.5,14.5,14.5,14.4,14.4,14.5,14.5,14.5,14.5,14.5,14.4,14.3,
South Asia (IDA & IBRD),TSA,"Mortality rate, infant (per 1,000 live births)",SP.DYN.IMRT.IN,,,,,,,,,,,,,,,,,,,,,,,,,,,,,,,91.8729866,89.55111708,87.31371454,85.05664229,82.78532441,80.51724414,78.16233068,75.8186098,73.398305,71.01887714,68.67530173,66.36703359,64.18310144,62.06169343,59.99609201,57.98553879,56.10447076,54.17565437,52.18332408,50.29154248,48.34747001,46.47964411,44.62953784,42.7572844,41.06275608,39.26861732,37.63604985,36.05255407,34.48050432,33.14031576,
Sub-Saharan Africa (IDA & IBRD countries),TSS,"Mortality rate, infant (per 1,000 live births)",SP.DYN.IMRT.IN,,,,,,,,,,,,,,,,,,,,,,,,,,,,,,,106.6023844,105.6586198,104.7578481,103.7678763,102.7826577,101.4344989,99.81573007,98.04695535,96.00302719,93.65007741,91.07971983,88.29637239,85.42110596,82.54076823,79.72242975,76.95932559,74.38660943,71.86715736,69.47134487,67.23960991,65.21135824,63.31490544,61.56171691,59.99189086,58.55107839,57.16640847,55.79408818,54.41467408,53.0172915,51.71091745,
Trinidad and Tobago,TTO,"Mortality rate, infant (per 1,000 live births)",SP.DYN.IMRT.IN,55.9,54.1,52.5,51,49.6,48.4,47.3,46.3,45.4,44.6,43.8,43,42.1,41.3,40.3,39.3,38.3,37.3,36.2,35.2,34.2,33.2,32.2,31.3,30.4,29.6,28.9,28.3,27.7,27.2,26.8,26.4,26.1,25.8,25.6,25.4,25.2,25.1,25.1,25,24.9,24.8,24.6,24.2,23.8,23.3,22.7,22.2,21.6,21,20.4,19.8,19.2,18.6,18.1,17.6,17.1,16.6,16.1,15.7,
Tunisia,TUN,"Mortality rate, infant (per 1,000 live births)",SP.DYN.IMRT.IN,,,179.9,171.6,163.5,155.9,148.2,141.1,134.2,127.5,121.2,115.5,110,104.5,99,93.4,87.9,82.6,77.6,73,68.9,65.2,61.9,58.8,55.9,53.3,50.9,48.7,46.7,44.9,43.2,41.5,39.9,38.2,36.3,34.4,32.5,30.4,28.5,26.6,24.9,23.3,22,20.8,19.7,18.8,17.9,17.2,16.6,16.2,15.8,15.5,15.2,15,14.9,14.8,14.7,14.7,14.6,14.5,
Turkey,TUR,"Mortality rate, infant (per 1,000 live births)",SP.DYN.IMRT.IN,171.5,166.4,161.2,156,150.8,146.1,141.8,137.7,133.9,130.3,126.7,123.1,119.6,116,112.4,108.7,105,101.2,97.4,93.6,89.7,85.8,82,78.2,74.5,70.9,67.5,64.2,61.1,58.1,55.4,52.7,50.1,47.6,45.1,42.7,40.3,38,35.7,33.5,31.4,29.4,27.5,25.7,23.9,22.3,20.8,19.3,18,16.8,15.6,14.6,13.6,12.7,11.9,11.1,10.5,9.8,9.2,8.6,
Tuvalu,TUV,"Mortality rate, infant (per 1,000 live births)",SP.DYN.IMRT.IN,,,,,,,,,,,,,,,,59.6,57.3,55.2,53.3,51.5,49.9,48.4,47.1,45.9,45,44.2,43.6,43,42.6,42.1,41.6,41.1,40.5,39.7,38.9,38,37.1,36.1,35.1,34.1,33.2,32.3,31.6,30.9,30.3,29.8,29.2,28.6,27.9,27.1,26.4,25.7,25,24.3,23.6,22.9,22.2,21.5,20.9,20.2,
Tanzania,TZA,"Mortality rate, infant (per 1,000 live births)",SP.DYN.IMRT.IN,142.6,141.3,140.1,138.6,137.1,135.3,133.5,131.6,129.8,128,126.2,124.3,122.4,120.3,118.2,116,113.7,111.6,109.6,107.9,106.9,106.6,106.5,106.7,106.7,106.3,105.5,104.3,103,101.4,100,98.7,97.5,96.3,95,93.5,91.7,89.3,86.3,82.8,78.7,74.3,69.9,65.8,62.2,58.8,56.1,53.4,51.3,49.1,47.3,45.7,44.3,43.1,42,41,39.8,38.3,37,36,
Uganda,UGA,"Mortality rate, infant (per 1,000 live births)",SP.DYN.IMRT.IN,131.4,129.2,127.1,125,123,121.2,119.3,117.5,115.9,114.8,114.2,114.1,114.5,115.5,117.1,119.2,121.7,124.2,126.5,128,129.1,128.3,126,122.7,119.5,116.8,114.5,112.5,110.8,109,106.8,104.4,102.1,100.1,98.5,97.3,96.2,94.8,93,90.5,87.4,83.6,79.5,75,70.4,66,62.1,58.4,55,52.5,49.9,47.6,44.6,42.9,40.9,39.2,37.6,36,34.6,33.4,
Ukraine,UKR,"Mortality rate, infant (per 1,000 live births)",SP.DYN.IMRT.IN,,,,,,,,,,,,27.9,27,26.2,25.5,24.9,24.3,23.9,23.5,23.1,22.5,21.9,21.2,20.5,19.7,19,18.3,17.6,17.1,16.8,16.6,16.5,16.6,16.9,17.1,17.3,17.3,17.2,16.9,16.3,15.7,15,14.3,13.7,13.1,12.5,12,11.5,11.1,10.6,10.1,9.6,9.2,8.8,8.4,8.1,7.9,7.6,7.4,7.2,
Upper middle income,UMC,"Mortality rate, infant (per 1,000 live births)",SP.DYN.IMRT.IN,,,,,,,,,,,,,,,,,,,,,,,,,,,,,,,42.8,41.9,40.8,39.6,38.4,37,35.6,34.2,32.8,31.4,29.9,28.4,26.9,25.4,24.2,22.7,21.4,20.2,19.1,18,17.1,16.2,15.4,14.7,14,13.4,12.9,12.3,11.8,11.3,
Uruguay,URY,"Mortality rate, infant (per 1,000 live births)",SP.DYN.IMRT.IN,56.6,55.5,54.1,52.8,51.9,51.4,51.1,50.7,50,48.9,47.9,47.3,47.3,47.9,48.6,49,48.2,46.1,42.8,38.9,35,31.7,29.1,27.2,26,25.1,24.1,23,22,21,20.2,19.5,19,18.6,18.3,17.9,17.4,16.7,16,15.3,14.8,14.4,14.1,13.7,13.1,12.5,11.7,11,10.3,9.7,9.3,8.9,8.6,8.3,8,7.6,7.2,6.8,6.5,6.1,
United States,USA,"Mortality rate, infant (per 1,000 live births)",SP.DYN.IMRT.IN,25.9,25.4,24.9,24.4,23.8,23.3,22.7,22,21.3,20.6,19.9,19.1,18.3,17.5,16.7,15.9,15.2,14.5,13.8,13.2,12.6,12.1,11.7,11.3,10.9,10.6,10.4,10.2,9.9,9.7,9.4,9.1,8.8,8.5,8.2,7.9,7.7,7.5,7.4,7.2,7.1,7,6.9,6.9,6.8,6.7,6.7,6.6,6.5,6.4,6.2,6.1,6,6,5.9,5.8,5.8,5.7,5.6,5.6,
Uzbekistan,UZB,"Mortality rate, infant (per 1,000 live births)",SP.DYN.IMRT.IN,,,,,,,,,,,,,,,,,,,,97.1,91.5,86.1,81.2,76.8,72.8,69.2,66.1,63.5,61.5,60.1,59.4,59.1,59.1,58.9,58.4,57.9,57.2,56.3,55.1,53.6,51.8,49.7,47.4,45.1,42.7,40.4,38.1,35.8,33.5,31.3,29.2,27.2,25.3,23.5,21.8,20.3,18.8,17.6,16.5,15.6,
St. Vincent and the Grenadines,VCT,"Mortality rate, infant (per 1,000 live births)",SP.DYN.IMRT.IN,115.1,108.8,100.8,91.9,83.1,75,68.2,62.7,58.6,55.8,54.2,53.9,54.4,55.4,56.2,56.1,54.8,52.3,48.8,44.9,41.1,37.5,34.1,31,28.2,25.9,24,22.4,21.2,20.3,19.6,19.1,18.9,18.7,18.7,18.8,18.9,19,19.1,19.2,19.2,19.1,19.1,19,18.9,18.9,18.8,18.7,18.4,18.1,17.7,17.2,16.7,16.2,15.7,15.2,14.7,14.3,13.8,13.4,
"Venezuela, RB",VEN,"Mortality rate, infant (per 1,000 live births)",SP.DYN.IMRT.IN,58.7,57.1,55.7,54.5,53.4,52.5,51.6,50.8,49.9,48.9,47.8,46.6,45.4,44.2,43,41.8,40.6,39.3,37.9,36.6,35.2,33.9,32.6,31.5,30.5,29.6,28.7,27.7,26.6,25.6,24.7,23.9,23.3,22.8,22.5,22.1,21.5,20.7,19.9,20.1,18.4,17.8,17.4,16.9,16.4,15.8,15.4,15,14.7,14.7,14.7,14.7,14.9,15.1,15.4,16.4,21,21,21,21,
British Virgin Islands,VGB,"Mortality rate, infant (per 1,000 live births)",SP.DYN.IMRT.IN,,,,,,,,,,,,,,,,,,,,,,,,,,,,,,,,,,,,,,,,,,,,,,,,,,,,,,,,,,,,,
Virgin Islands (U.S.),VIR,"Mortality rate, infant (per 1,000 live births)",SP.DYN.IMRT.IN,,,,,,,,,,,,,,,,,,,,,,,,,,,,,,,,,,,,,,,,,,,,,,,,,,,,,,,,,,,,,
Vietnam,VNM,"Mortality rate, infant (per 1,000 live births)",SP.DYN.IMRT.IN,,,,,56.8,56.4,56,55.6,55.3,54.8,54.4,53.9,53.3,52.7,52,51.2,50.4,49.4,48.5,47.5,46.6,45.7,44.9,44.2,43.4,42.6,41.7,40.7,39.5,38.2,36.9,35.4,34,32.4,31,29.5,28.1,26.8,25.5,24.4,23.4,22.5,21.7,21,20.4,19.8,19.4,19.1,18.8,18.5,18.3,18,17.8,17.6,17.4,17.2,16.9,16.6,16.3,15.9,
Vanuatu,VUT,"Mortality rate, infant (per 1,000 live births)",SP.DYN.IMRT.IN,105.5,103.3,100.6,98,95,92,89,86,82.9,80.1,77.2,74.4,71.7,69.1,66.7,64.4,62.1,59.8,57.3,54.7,52,49.2,46.3,43.3,40.5,37.9,35.6,33.5,31.8,30.3,29,27.8,26.8,26,25.3,24.8,24.4,25,23.9,23.8,23.7,23.6,23.6,23.7,23.7,23.8,24,24.2,24.3,24.5,24.7,24.8,24.9,24.7,24.4,24,23.5,22.9,22.4,21.9,
World,WLD,"Mortality rate, infant (per 1,000 live births)",SP.DYN.IMRT.IN,,,,,,,,,,,,,,,,,,,,,,,,,,,,,,,64.5,63.7,62.9,62,61,59.9,58.7,57.4,56,54.4,52.8,51.1,49.4,47.7,46,44.3,42.7,41.2,39.7,38.3,37,35.7,34.5,33.5,32.5,31.5,30.7,29.8,29,28.2,
Samoa,WSM,"Mortality rate, infant (per 1,000 live births)",SP.DYN.IMRT.IN,77,74.4,72,69.7,67.6,65.6,63.6,61.3,59,56.6,54.2,51.9,49.7,47.7,45.8,44,42.2,40.6,39,37.5,36,34.6,33.3,32,30.7,29.5,28.4,27.4,26.5,25.6,24.8,24.1,23.3,22.6,21.8,21.1,20.3,19.7,19,18.3,17.7,17.1,16.7,16.3,16.1,16,15.9,15.9,15.9,16.9,15.8,15.6,15.4,15.2,14.9,14.5,14.1,13.7,13.3,12.9,
Kosovo,XKX,"Mortality rate, infant (per 1,000 live births)",SP.DYN.IMRT.IN,,,,,,,,,,,,,,,,,,,,,,,,,,,,,,,,,,,,,,,,,,,,,,,,,,,,,,,,,,,,,
"Yemen, Rep.",YEM,"Mortality rate, infant (per 1,000 live births)",SP.DYN.IMRT.IN,,,279.7,274.2,268.3,261.5,254,245.8,237,228.1,219.3,211.1,203,195.4,187.9,180.2,172.2,163.8,155.5,147.1,139.2,131.4,123.9,117.1,111,105.7,101.2,97.3,93.9,90.9,88.3,86,84,82.3,80.7,79.3,77.9,76.2,74,71.5,68.7,65.7,62.6,59.7,57,54.3,51.8,49.3,47,44.9,43.6,43.1,43,43,43,43.4,43.3,43.3,43.6,43.6,
South Africa,ZAF,"Mortality rate, infant (per 1,000 live births)",SP.DYN.IMRT.IN,,,,,,,,,,,,,,,90.1,85.7,81.5,77.5,73.8,70.2,67,63.9,61.1,58.4,55.9,53.6,51.4,49.4,47.5,45.8,44.5,43.5,42.9,42.9,43.2,43.8,44.4,44.9,45.3,46,46.3,46.6,46.7,47.2,48.3,48.2,47.5,45,41.2,36.5,32.5,30.5,29.8,29.2,29,28.5,28.2,28.2,27.8,27.5,
Zambia,ZMB,"Mortality rate, infant (per 1,000 live births)",SP.DYN.IMRT.IN,121.7,119.8,117.9,116.2,114.8,113.8,113,112.4,111.5,110.1,108.2,105.8,103,100.3,97.9,96.1,95.1,94.7,94.8,95.1,95.6,96,96.7,97.8,99.5,101.4,103.4,105.1,106.4,107.1,107.4,107.1,106.5,105.1,103.5,101.4,99.5,97.7,95.6,93.1,89.7,85,79.6,74.3,68.8,63.8,60.4,58.4,55.9,54.1,52.3,51,49.9,48.7,47.5,46.7,45.8,44.1,43.4,42.4,
Zimbabwe,ZWE,"Mortality rate, infant (per 1,000 live births)",SP.DYN.IMRT.IN,92.8,90.5,88.2,85.8,83.2,80.7,78.5,76.5,74.9,73.7,72.7,72.1,71.7,71.4,71.3,71.4,71.4,71.4,71.1,70.1,68.6,66.2,63.3,60.1,56.9,54,51.7,50.2,49.3,49.1,49.5,50.4,51.6,53,54.3,55.5,55.7,55,54,52.6,51.5,50.9,50.8,50.9,52,53,54.9,56.2,56.4,55.9,53.8,51.6,47.9,45.9,44.2,42.9,41.4,40.5,39.3,38.4,
